id,generation,founder,dosage
0,0,1,426.0
1,0,1,428.0
2,0,1,419.0
3,0,1,424.0
4,0,1,406.0
5,0,1,411.0
6,0,1,399.0
7,0,1,416.0
8,0,1,
9,0,1,413.0
10,0,1,402.0
11,0,1,414.0
12,0,1,435.0
13,0,1,425.0
14,0,1,409.0
15,0,1,
16,0,1,415.0
17,0,1,426.0
18,0,1,427.0
19,0,1,
20,0,1,
21,0,1,
22,0,1,404.0
23,0,1,
24,0,1,425.0
25,0,1,
26,0,1,
27,0,1,
28,0,1,
29,0,1,
30,0,1,428.0
31,0,1,
32,0,1,422.0
33,0,1,419.0
34,0,1,400.0
35,0,1,405.0
36,0,1,
37,0,1,
38,0,1,
39,0,1,
40,0,1,
41,0,1,419.0
42,0,1,
43,0,1,415.0
44,0,1,
45,0,1,
46,0,1,421.0
47,0,1,416.0
48,0,1,423.0
49,0,1,412.0
50,0,1,
51,0,1,
52,0,1,
53,0,1,411.0
54,0,1,
55,0,1,
56,0,1,429.0
57,0,1,417.0
58,0,1,401.0
59,0,1,
60,0,1,
61,0,1,389.0
62,0,1,
63,0,1,431.0
64,0,1,428.0
65,0,1,
66,0,1,406.0
67,0,1,448.0
68,0,1,
69,0,1,415.0
70,0,1,
71,0,1,
72,0,1,
73,0,1,
74,0,1,
75,0,1,410.0
76,0,1,
77,0,1,427.0
78,0,1,
79,0,1,417.0
80,0,1,411.0
81,0,1,419.0
82,0,1,
83,0,1,
84,0,1,410.0
85,0,1,426.0
86,0,1,422.0
87,0,1,410.0
88,0,1,
89,0,1,
90,0,1,
91,0,1,
92,0,1,
93,0,1,427.0
94,0,1,
95,0,1,
96,0,1,
97,0,1,413.0
98,0,1,
99,0,1,434.0
100,0,1,403.0
101,0,1,
102,0,1,396.0
103,0,1,423.0
104,0,1,
105,0,1,
106,0,1,
107,0,1,
108,0,1,399.0
109,0,1,
110,0,1,
111,0,1,421.0
112,0,1,432.0
113,0,1,
114,0,1,
115,0,1,
116,0,1,423.0
117,0,1,
118,0,1,415.0
119,0,1,
120,0,1,
121,0,1,
122,0,1,402.0
123,0,1,398.0
124,0,1,
125,0,1,424.0
126,0,1,
127,0,1,
128,0,1,
129,0,1,
130,0,1,397.0
131,0,1,
132,0,1,409.0
133,0,1,418.0
134,0,1,434.0
135,0,1,
136,0,1,
137,0,1,439.0
138,0,1,421.0
139,0,1,
140,0,1,386.0
141,0,1,411.0
142,0,1,
143,0,1,410.0
144,0,1,
145,0,1,
146,0,1,
147,0,1,409.0
148,0,1,
149,0,1,
150,0,1,425.0
151,0,1,403.0
152,0,1,411.0
153,0,1,399.0
154,0,1,417.0
155,0,1,410.0
156,0,1,
157,0,1,429.0
158,0,1,425.0
159,0,1,418.0
160,0,1,396.0
161,0,1,421.0
162,0,1,
163,0,1,424.0
164,0,1,
165,0,1,425.0
166,0,1,
167,0,1,
168,0,1,426.0
169,0,1,416.0
170,0,1,
171,0,1,422.0
172,0,1,
173,0,1,409.0
174,0,1,
175,0,1,
176,0,1,406.0
177,0,1,
178,0,1,434.0
179,0,1,
180,0,1,
181,0,1,431.0
182,0,1,
183,0,1,432.0
184,0,1,414.0
185,0,1,
186,0,1,409.0
187,0,1,418.0
188,0,1,
189,0,1,422.0
190,0,1,435.0
191,0,1,
192,0,1,407.0
193,0,1,422.0
194,0,1,412.0
195,0,1,401.0
196,0,1,
197,0,1,
198,0,1,
199,0,1,
200,0,1,
201,0,1,422.0
202,0,1,
203,0,1,418.0
204,0,1,
205,0,1,436.0
206,0,1,
207,0,1,406.0
208,0,1,
209,0,1,
210,0,1,
211,0,1,429.0
212,0,1,412.0
213,0,1,397.0
214,0,1,421.0
215,0,1,408.0
216,0,1,398.0
217,0,1,402.0
218,0,1,395.0
219,0,1,392.0
220,0,1,
221,0,1,410.0
222,0,1,
223,0,1,
224,0,1,409.0
225,0,1,407.0
226,0,1,426.0
227,0,1,407.0
228,0,1,416.0
229,0,1,
230,0,1,
231,0,1,
232,0,1,
233,0,1,
234,0,1,432.0
235,0,1,
236,0,1,417.0
237,0,1,435.0
238,0,1,434.0
239,0,1,
240,0,1,413.0
241,0,1,
242,0,1,432.0
243,0,1,
244,0,1,
245,0,1,
246,0,1,432.0
247,0,1,
248,0,1,397.0
249,0,1,
250,0,1,
251,0,1,
252,0,1,433.0
253,0,1,
254,0,1,
255,0,1,411.0
256,0,1,
257,0,1,431.0
258,0,1,
259,0,1,411.0
260,0,1,409.0
261,0,1,
262,0,1,
263,0,1,
264,0,1,428.0
265,0,1,413.0
266,0,1,
267,0,1,
268,0,1,419.0
269,0,1,410.0
270,0,1,
271,0,1,
272,0,1,
273,0,1,
274,0,1,
275,0,1,
276,0,1,
277,0,1,
278,0,1,
279,0,1,
280,0,1,419.0
281,0,1,
282,0,1,
283,0,1,
284,0,1,417.0
285,0,1,
286,0,1,
287,0,1,414.0
288,0,1,406.0
289,0,1,
290,0,1,
291,0,1,408.0
292,0,1,417.0
293,0,1,420.0
294,0,1,420.0
295,0,1,411.0
296,0,1,412.0
297,0,1,435.0
298,0,1,
299,0,1,417.0
300,0,1,441.0
301,0,1,
302,0,1,421.0
303,0,1,427.0
304,0,1,
305,0,1,439.0
306,0,1,417.0
307,0,1,
308,0,1,423.0
309,0,1,
310,0,1,415.0
311,0,1,
312,0,1,
313,0,1,424.0
314,0,1,
315,0,1,414.0
316,0,1,399.0
317,0,1,419.0
318,0,1,
319,0,1,437.0
320,0,1,
321,0,1,423.0
322,0,1,
323,0,1,
324,0,1,
325,0,1,434.0
326,0,1,406.0
327,0,1,
328,0,1,
329,0,1,
330,0,1,
331,0,1,423.0
332,0,1,
333,0,1,
334,0,1,422.0
335,0,1,
336,0,1,
337,0,1,428.0
338,0,1,
339,0,1,421.0
340,0,1,
341,0,1,393.0
342,0,1,410.0
343,0,1,
344,0,1,
345,0,1,416.0
346,0,1,
347,0,1,
348,0,1,436.0
349,0,1,
350,0,1,
351,0,1,412.0
352,0,1,412.0
353,0,1,
354,0,1,422.0
355,0,1,419.0
356,0,1,
357,0,1,
358,0,1,409.0
359,0,1,414.0
360,0,1,405.0
361,0,1,396.0
362,0,1,416.0
363,0,1,419.0
364,0,1,405.0
365,0,1,423.0
366,0,1,430.0
367,0,1,
368,0,1,
369,0,1,
370,0,1,
371,0,1,394.0
372,0,1,
373,0,1,422.0
374,0,1,
375,0,1,419.0
376,0,1,
377,0,1,
378,0,1,
379,0,1,
380,0,1,
381,0,1,390.0
382,0,1,441.0
383,0,1,
384,0,1,
385,0,1,436.0
386,0,1,438.0
387,0,1,417.0
388,0,1,418.0
389,0,1,378.0
390,0,1,
391,0,1,
392,0,1,395.0
393,0,1,418.0
394,0,1,
395,0,1,
396,0,1,405.0
397,0,1,431.0
398,0,1,
399,0,1,
400,0,1,410.0
401,0,1,
402,0,1,413.0
403,0,1,420.0
404,0,1,
405,0,1,426.0
406,0,1,
407,0,1,407.0
408,0,1,435.0
409,0,1,419.0
410,0,1,
411,0,1,
412,0,1,
413,0,1,
414,0,1,422.0
415,0,1,430.0
416,0,1,446.0
417,0,1,411.0
418,0,1,418.0
419,0,1,
420,0,1,
421,0,1,414.0
422,0,1,
423,0,1,440.0
424,0,1,
425,0,1,402.0
426,0,1,
427,0,1,412.0
428,0,1,
429,0,1,428.0
430,0,1,
431,0,1,419.0
432,0,1,389.0
433,0,1,412.0
434,0,1,414.0
435,0,1,404.0
436,0,1,
437,0,1,418.0
438,0,1,426.0
439,0,1,421.0
440,0,1,
441,0,1,
442,0,1,407.0
443,0,1,432.0
444,0,1,
445,0,1,
446,0,1,408.0
447,0,1,
448,0,1,
449,0,1,442.0
450,0,1,421.0
451,0,1,
452,0,1,
453,0,1,
454,0,1,
455,0,1,
456,0,1,429.0
457,0,1,
458,0,1,391.0
459,0,1,412.0
460,0,1,407.0
461,0,1,
462,0,1,400.0
463,0,1,412.0
464,0,1,
465,0,1,407.0
466,0,1,412.0
467,0,1,417.0
468,0,1,409.0
469,0,1,410.0
470,0,1,410.0
471,0,1,
472,0,1,423.0
473,0,1,428.0
474,0,1,
475,0,1,
476,0,1,414.0
477,0,1,416.0
478,0,1,
479,0,1,432.0
480,0,1,422.0
481,0,1,419.0
482,0,1,431.0
483,0,1,
484,0,1,420.0
485,0,1,424.0
486,0,1,430.0
487,0,1,
488,0,1,392.0
489,0,1,430.0
490,0,1,431.0
491,0,1,430.0
492,0,1,404.0
493,0,1,
494,0,1,404.0
495,0,1,416.0
496,0,1,418.0
497,0,1,406.0
498,0,1,398.0
499,0,1,431.0
500,1,0,440.0
501,1,0,
502,1,0,
503,1,0,421.0
504,1,0,394.0
505,1,0,416.0
506,1,0,412.0
507,1,0,
508,1,0,
509,1,0,413.0
510,1,0,404.0
511,1,0,399.0
512,1,0,
513,1,0,
514,1,0,425.0
515,1,0,
516,1,0,411.0
517,1,0,424.0
518,1,0,415.0
519,1,0,
520,1,0,425.0
521,1,0,414.0
522,1,0,413.0
523,1,0,406.0
524,1,0,413.0
525,1,0,
526,1,0,420.0
527,1,0,
528,1,0,419.0
529,1,0,411.0
530,1,0,404.0
531,1,0,
532,1,0,
533,1,0,408.0
534,1,0,
535,1,0,
536,1,0,396.0
537,1,0,419.0
538,1,0,419.0
539,1,0,413.0
540,1,0,
541,1,0,409.0
542,1,0,413.0
543,1,0,411.0
544,1,0,
545,1,0,
546,1,0,
547,1,0,
548,1,0,409.0
549,1,0,
550,1,0,
551,1,0,
552,1,0,
553,1,0,
554,1,0,
555,1,0,405.0
556,1,0,438.0
557,1,0,
558,1,0,391.0
559,1,0,
560,1,0,
561,1,0,414.0
562,1,0,
563,1,0,
564,1,0,
565,1,0,
566,1,0,421.0
567,1,0,
568,1,0,
569,1,0,
570,1,0,395.0
571,1,0,
572,1,0,
573,1,0,
574,1,0,393.0
575,1,0,
576,1,0,
577,1,0,
578,1,0,
579,1,0,
580,1,0,
581,1,0,
582,1,0,
583,1,0,
584,1,0,
585,1,0,
586,1,0,
587,1,0,
588,1,0,391.0
589,1,0,412.0
590,1,0,418.0
591,1,0,
592,1,0,417.0
593,1,0,402.0
594,1,0,412.0
595,1,0,
596,1,0,427.0
597,1,0,
598,1,0,417.0
599,1,0,
600,1,0,388.0
601,1,0,406.0
602,1,0,409.0
603,1,0,418.0
604,1,0,
605,1,0,406.0
606,1,0,414.0
607,1,0,421.0
608,1,0,423.0
609,1,0,420.0
610,1,0,
611,1,0,444.0
612,1,0,416.0
613,1,0,412.0
614,1,0,
615,1,0,396.0
616,1,0,395.0
617,1,0,
618,1,0,
619,1,0,421.0
620,1,0,
621,1,0,
622,1,0,
623,1,0,413.0
624,1,0,418.0
625,1,0,433.0
626,1,0,428.0
627,1,0,
628,1,0,
629,1,0,
630,1,0,
631,1,0,
632,1,0,
633,1,0,
634,1,0,
635,1,0,
636,1,0,
637,1,0,
638,1,0,407.0
639,1,0,410.0
640,1,0,398.0
641,1,0,399.0
642,1,0,
643,1,0,421.0
644,1,0,424.0
645,1,0,
646,1,0,
647,1,0,
648,1,0,412.0
649,1,0,397.0
650,1,0,427.0
651,1,0,425.0
652,1,0,
653,1,0,391.0
654,1,0,408.0
655,1,0,424.0
656,1,0,
657,1,0,
658,1,0,
659,1,0,423.0
660,1,0,416.0
661,1,0,393.0
662,1,0,418.0
663,1,0,422.0
664,1,0,412.0
665,1,0,432.0
666,1,0,
667,1,0,
668,1,0,
669,1,0,
670,1,0,441.0
671,1,0,413.0
672,1,0,406.0
673,1,0,
674,1,0,
675,1,0,
676,1,0,420.0
677,1,0,
678,1,0,
679,1,0,
680,1,0,408.0
681,1,0,440.0
682,1,0,
683,1,0,
684,1,0,
685,1,0,
686,1,0,420.0
687,1,0,403.0
688,1,0,419.0
689,1,0,439.0
690,1,0,422.0
691,1,0,439.0
692,1,0,
693,1,0,
694,1,0,404.0
695,1,0,412.0
696,1,0,415.0
697,1,0,412.0
698,1,0,392.0
699,1,0,
700,1,0,
701,1,0,
702,1,0,424.0
703,1,0,441.0
704,1,0,426.0
705,1,0,
706,1,0,409.0
707,1,0,
708,1,0,
709,1,0,411.0
710,1,0,
711,1,0,419.0
712,1,0,
713,1,0,408.0
714,1,0,428.0
715,1,0,407.0
716,1,0,
717,1,0,392.0
718,1,0,399.0
719,1,0,
720,1,0,415.0
721,1,0,
722,1,0,
723,1,0,432.0
724,1,0,
725,1,0,
726,1,0,435.0
727,1,0,
728,1,0,
729,1,0,414.0
730,1,0,424.0
731,1,0,420.0
732,1,0,415.0
733,1,0,413.0
734,1,0,427.0
735,1,0,
736,1,0,431.0
737,1,0,
738,1,0,421.0
739,1,0,
740,1,0,417.0
741,1,0,405.0
742,1,0,
743,1,0,
744,1,0,415.0
745,1,0,
746,1,0,418.0
747,1,0,427.0
748,1,0,
749,1,0,399.0
750,1,0,407.0
751,1,0,407.0
752,1,0,
753,1,0,463.0
754,1,0,
755,1,0,
756,1,0,
757,1,0,
758,1,0,
759,1,0,406.0
760,1,0,416.0
761,1,0,430.0
762,1,0,404.0
763,1,0,
764,1,0,
765,1,0,
766,1,0,426.0
767,1,0,423.0
768,1,0,
769,1,0,
770,1,0,407.0
771,1,0,421.0
772,1,0,
773,1,0,408.0
774,1,0,408.0
775,1,0,403.0
776,1,0,
777,1,0,
778,1,0,432.0
779,1,0,
780,1,0,
781,1,0,
782,1,0,410.0
783,1,0,403.0
784,1,0,412.0
785,1,0,
786,1,0,
787,1,0,
788,1,0,398.0
789,1,0,403.0
790,1,0,
791,1,0,
792,1,0,
793,1,0,
794,1,0,408.0
795,1,0,
796,1,0,435.0
797,1,0,
798,1,0,414.0
799,1,0,418.0
800,1,0,
801,1,0,
802,1,0,
803,1,0,
804,1,0,415.0
805,1,0,411.0
806,1,0,400.0
807,1,0,
808,1,0,395.0
809,1,0,
810,1,0,
811,1,0,
812,1,0,
813,1,0,
814,1,0,
815,1,0,416.0
816,1,0,
817,1,0,426.0
818,1,0,427.0
819,1,0,
820,1,0,
821,1,0,427.0
822,1,0,
823,1,0,
824,1,0,
825,1,0,
826,1,0,
827,1,0,
828,1,0,407.0
829,1,0,
830,1,0,421.0
831,1,0,
832,1,0,424.0
833,1,0,
834,1,0,
835,1,0,418.0
836,1,0,
837,1,0,424.0
838,1,0,
839,1,0,421.0
840,1,0,
841,1,0,406.0
842,1,0,416.0
843,1,0,
844,1,0,
845,1,0,
846,1,0,
847,1,0,
848,1,0,426.0
849,1,0,
850,1,0,404.0
851,1,0,
852,1,0,404.0
853,1,0,
854,1,0,
855,1,0,437.0
856,1,0,403.0
857,1,0,428.0
858,1,0,
859,1,0,
860,1,0,405.0
861,1,0,
862,1,0,
863,1,0,
864,1,0,
865,1,0,412.0
866,1,0,416.0
867,1,0,
868,1,0,
869,1,0,
870,1,0,
871,1,0,413.0
872,1,0,
873,1,0,418.0
874,1,0,
875,1,0,
876,1,0,423.0
877,1,0,400.0
878,1,0,
879,1,0,
880,1,0,
881,1,0,
882,1,0,
883,1,0,454.0
884,1,0,
885,1,0,
886,1,0,
887,1,0,
888,1,0,401.0
889,1,0,405.0
890,1,0,
891,1,0,
892,1,0,407.0
893,1,0,399.0
894,1,0,416.0
895,1,0,
896,1,0,431.0
897,1,0,
898,1,0,
899,1,0,
900,1,0,406.0
901,1,0,418.0
902,1,0,410.0
903,1,0,422.0
904,1,0,436.0
905,1,0,
906,1,0,
907,1,0,423.0
908,1,0,421.0
909,1,0,
910,1,0,419.0
911,1,0,412.0
912,1,0,393.0
913,1,0,
914,1,0,
915,1,0,
916,1,0,
917,1,0,427.0
918,1,0,417.0
919,1,0,
920,1,0,415.0
921,1,0,
922,1,0,
923,1,0,415.0
924,1,0,409.0
925,1,0,410.0
926,1,0,
927,1,0,
928,1,0,422.0
929,1,0,
930,1,0,
931,1,0,418.0
932,1,0,
933,1,0,398.0
934,1,0,
935,1,0,427.0
936,1,0,
937,1,0,
938,1,0,441.0
939,1,0,406.0
940,1,0,434.0
941,1,0,
942,1,0,415.0
943,1,0,422.0
944,1,0,
945,1,0,
946,1,0,406.0
947,1,0,427.0
948,1,0,
949,1,0,
950,1,0,
951,1,0,
952,1,0,432.0
953,1,0,
954,1,0,412.0
955,1,0,
956,1,0,429.0
957,1,0,415.0
958,1,0,
959,1,0,406.0
960,1,0,410.0
961,1,0,
962,1,0,402.0
963,1,0,
964,1,0,422.0
965,1,0,
966,1,0,417.0
967,1,0,
968,1,0,
969,1,0,
970,1,0,393.0
971,1,0,411.0
972,1,0,
973,1,0,
974,1,0,
975,1,0,
976,1,0,
977,1,0,
978,1,0,
979,1,0,
980,1,0,
981,1,0,431.0
982,1,0,419.0
983,1,0,
984,1,0,
985,1,0,422.0
986,1,0,
987,1,0,
988,1,0,
989,1,0,
990,1,0,446.0
991,1,0,
992,1,0,
993,1,0,397.0
994,1,0,
995,1,0,396.0
996,1,0,399.0
997,1,0,
998,1,0,
999,1,0,
1000,2,0,437.0
1001,2,0,
1002,2,0,
1003,2,0,427.0
1004,2,0,
1005,2,0,
1006,2,0,421.0
1007,2,0,
1008,2,0,
1009,2,0,
1010,2,0,394.0
1011,2,0,
1012,2,0,
1013,2,0,
1014,2,0,
1015,2,0,
1016,2,0,
1017,2,0,430.0
1018,2,0,421.0
1019,2,0,
1020,2,0,
1021,2,0,407.0
1022,2,0,
1023,2,0,
1024,2,0,414.0
1025,2,0,
1026,2,0,416.0
1027,2,0,426.0
1028,2,0,
1029,2,0,
1030,2,0,
1031,2,0,402.0
1032,2,0,412.0
1033,2,0,427.0
1034,2,0,393.0
1035,2,0,401.0
1036,2,0,
1037,2,0,
1038,2,0,
1039,2,0,431.0
1040,2,0,
1041,2,0,
1042,2,0,
1043,2,0,
1044,2,0,
1045,2,0,414.0
1046,2,0,
1047,2,0,438.0
1048,2,0,
1049,2,0,417.0
1050,2,0,431.0
1051,2,0,
1052,2,0,420.0
1053,2,0,
1054,2,0,
1055,2,0,
1056,2,0,
1057,2,0,
1058,2,0,
1059,2,0,
1060,2,0,419.0
1061,2,0,411.0
1062,2,0,443.0
1063,2,0,
1064,2,0,409.0
1065,2,0,
1066,2,0,439.0
1067,2,0,
1068,2,0,417.0
1069,2,0,409.0
1070,2,0,
1071,2,0,406.0
1072,2,0,429.0
1073,2,0,410.0
1074,2,0,397.0
1075,2,0,388.0
1076,2,0,429.0
1077,2,0,432.0
1078,2,0,420.0
1079,2,0,
1080,2,0,
1081,2,0,
1082,2,0,430.0
1083,2,0,436.0
1084,2,0,
1085,2,0,423.0
1086,2,0,388.0
1087,2,0,
1088,2,0,
1089,2,0,402.0
1090,2,0,426.0
1091,2,0,406.0
1092,2,0,
1093,2,0,
1094,2,0,420.0
1095,2,0,407.0
1096,2,0,
1097,2,0,419.0
1098,2,0,
1099,2,0,
1100,2,0,
1101,2,0,
1102,2,0,406.0
1103,2,0,414.0
1104,2,0,
1105,2,0,
1106,2,0,
1107,2,0,425.0
1108,2,0,425.0
1109,2,0,
1110,2,0,440.0
1111,2,0,
1112,2,0,
1113,2,0,
1114,2,0,422.0
1115,2,0,
1116,2,0,
1117,2,0,
1118,2,0,425.0
1119,2,0,399.0
1120,2,0,411.0
1121,2,0,
1122,2,0,405.0
1123,2,0,421.0
1124,2,0,404.0
1125,2,0,
1126,2,0,
1127,2,0,405.0
1128,2,0,
1129,2,0,
1130,2,0,
1131,2,0,
1132,2,0,
1133,2,0,399.0
1134,2,0,
1135,2,0,
1136,2,0,414.0
1137,2,0,
1138,2,0,
1139,2,0,
1140,2,0,
1141,2,0,374.0
1142,2,0,418.0
1143,2,0,
1144,2,0,421.0
1145,2,0,416.0
1146,2,0,416.0
1147,2,0,396.0
1148,2,0,412.0
1149,2,0,407.0
1150,2,0,
1151,2,0,
1152,2,0,
1153,2,0,
1154,2,0,410.0
1155,2,0,418.0
1156,2,0,
1157,2,0,
1158,2,0,
1159,2,0,
1160,2,0,
1161,2,0,
1162,2,0,423.0
1163,2,0,436.0
1164,2,0,424.0
1165,2,0,
1166,2,0,
1167,2,0,
1168,2,0,422.0
1169,2,0,
1170,2,0,423.0
1171,2,0,
1172,2,0,408.0
1173,2,0,422.0
1174,2,0,
1175,2,0,404.0
1176,2,0,
1177,2,0,417.0
1178,2,0,419.0
1179,2,0,
1180,2,0,
1181,2,0,423.0
1182,2,0,
1183,2,0,407.0
1184,2,0,392.0
1185,2,0,
1186,2,0,404.0
1187,2,0,418.0
1188,2,0,
1189,2,0,
1190,2,0,
1191,2,0,
1192,2,0,
1193,2,0,
1194,2,0,
1195,2,0,
1196,2,0,
1197,2,0,419.0
1198,2,0,379.0
1199,2,0,392.0
1200,2,0,433.0
1201,2,0,419.0
1202,2,0,
1203,2,0,424.0
1204,2,0,
1205,2,0,
1206,2,0,
1207,2,0,445.0
1208,2,0,417.0
1209,2,0,419.0
1210,2,0,440.0
1211,2,0,
1212,2,0,393.0
1213,2,0,
1214,2,0,
1215,2,0,432.0
1216,2,0,382.0
1217,2,0,
1218,2,0,394.0
1219,2,0,400.0
1220,2,0,
1221,2,0,412.0
1222,2,0,424.0
1223,2,0,424.0
1224,2,0,410.0
1225,2,0,
1226,2,0,
1227,2,0,
1228,2,0,
1229,2,0,410.0
1230,2,0,435.0
1231,2,0,432.0
1232,2,0,404.0
1233,2,0,
1234,2,0,
1235,2,0,
1236,2,0,425.0
1237,2,0,
1238,2,0,
1239,2,0,
1240,2,0,416.0
1241,2,0,415.0
1242,2,0,415.0
1243,2,0,
1244,2,0,426.0
1245,2,0,
1246,2,0,425.0
1247,2,0,
1248,2,0,405.0
1249,2,0,405.0
1250,2,0,
1251,2,0,422.0
1252,2,0,451.0
1253,2,0,461.0
1254,2,0,
1255,2,0,454.0
1256,2,0,
1257,2,0,
1258,2,0,
1259,2,0,422.0
1260,2,0,
1261,2,0,
1262,2,0,
1263,2,0,433.0
1264,2,0,
1265,2,0,422.0
1266,2,0,437.0
1267,2,0,
1268,2,0,422.0
1269,2,0,423.0
1270,2,0,
1271,2,0,
1272,2,0,
1273,2,0,
1274,2,0,399.0
1275,2,0,
1276,2,0,
1277,2,0,399.0
1278,2,0,
1279,2,0,
1280,2,0,435.0
1281,2,0,
1282,2,0,408.0
1283,2,0,414.0
1284,2,0,
1285,2,0,413.0
1286,2,0,389.0
1287,2,0,415.0
1288,2,0,399.0
1289,2,0,
1290,2,0,
1291,2,0,426.0
1292,2,0,
1293,2,0,
1294,2,0,402.0
1295,2,0,
1296,2,0,
1297,2,0,416.0
1298,2,0,404.0
1299,2,0,410.0
1300,2,0,415.0
1301,2,0,
1302,2,0,426.0
1303,2,0,
1304,2,0,
1305,2,0,
1306,2,0,
1307,2,0,399.0
1308,2,0,424.0
1309,2,0,395.0
1310,2,0,408.0
1311,2,0,426.0
1312,2,0,395.0
1313,2,0,409.0
1314,2,0,
1315,2,0,418.0
1316,2,0,
1317,2,0,
1318,2,0,425.0
1319,2,0,
1320,2,0,424.0
1321,2,0,
1322,2,0,
1323,2,0,419.0
1324,2,0,
1325,2,0,431.0
1326,2,0,411.0
1327,2,0,
1328,2,0,411.0
1329,2,0,
1330,2,0,419.0
1331,2,0,
1332,2,0,433.0
1333,2,0,412.0
1334,2,0,422.0
1335,2,0,
1336,2,0,
1337,2,0,
1338,2,0,418.0
1339,2,0,420.0
1340,2,0,411.0
1341,2,0,
1342,2,0,403.0
1343,2,0,403.0
1344,2,0,433.0
1345,2,0,
1346,2,0,418.0
1347,2,0,420.0
1348,2,0,396.0
1349,2,0,401.0
1350,2,0,417.0
1351,2,0,
1352,2,0,
1353,2,0,
1354,2,0,442.0
1355,2,0,
1356,2,0,424.0
1357,2,0,
1358,2,0,
1359,2,0,
1360,2,0,
1361,2,0,
1362,2,0,
1363,2,0,
1364,2,0,397.0
1365,2,0,411.0
1366,2,0,
1367,2,0,
1368,2,0,423.0
1369,2,0,418.0
1370,2,0,
1371,2,0,
1372,2,0,418.0
1373,2,0,
1374,2,0,415.0
1375,2,0,
1376,2,0,388.0
1377,2,0,415.0
1378,2,0,403.0
1379,2,0,
1380,2,0,380.0
1381,2,0,
1382,2,0,
1383,2,0,441.0
1384,2,0,408.0
1385,2,0,420.0
1386,2,0,430.0
1387,2,0,
1388,2,0,
1389,2,0,394.0
1390,2,0,
1391,2,0,385.0
1392,2,0,
1393,2,0,
1394,2,0,
1395,2,0,
1396,2,0,430.0
1397,2,0,440.0
1398,2,0,419.0
1399,2,0,380.0
1400,2,0,417.0
1401,2,0,
1402,2,0,
1403,2,0,
1404,2,0,
1405,2,0,431.0
1406,2,0,420.0
1407,2,0,431.0
1408,2,0,
1409,2,0,
1410,2,0,
1411,2,0,411.0
1412,2,0,393.0
1413,2,0,389.0
1414,2,0,
1415,2,0,439.0
1416,2,0,417.0
1417,2,0,
1418,2,0,416.0
1419,2,0,
1420,2,0,
1421,2,0,422.0
1422,2,0,
1423,2,0,
1424,2,0,
1425,2,0,
1426,2,0,408.0
1427,2,0,413.0
1428,2,0,
1429,2,0,
1430,2,0,
1431,2,0,439.0
1432,2,0,396.0
1433,2,0,383.0
1434,2,0,418.0
1435,2,0,407.0
1436,2,0,
1437,2,0,
1438,2,0,430.0
1439,2,0,417.0
1440,2,0,421.0
1441,2,0,434.0
1442,2,0,
1443,2,0,
1444,2,0,398.0
1445,2,0,
1446,2,0,
1447,2,0,
1448,2,0,
1449,2,0,433.0
1450,2,0,
1451,2,0,
1452,2,0,410.0
1453,2,0,
1454,2,0,408.0
1455,2,0,420.0
1456,2,0,
1457,2,0,403.0
1458,2,0,397.0
1459,2,0,
1460,2,0,399.0
1461,2,0,
1462,2,0,
1463,2,0,
1464,2,0,424.0
1465,2,0,
1466,2,0,433.0
1467,2,0,418.0
1468,2,0,406.0
1469,2,0,408.0
1470,2,0,413.0
1471,2,0,384.0
1472,2,0,
1473,2,0,423.0
1474,2,0,416.0
1475,2,0,415.0
1476,2,0,406.0
1477,2,0,
1478,2,0,
1479,2,0,
1480,2,0,434.0
1481,2,0,
1482,2,0,
1483,2,0,430.0
1484,2,0,430.0
1485,2,0,444.0
1486,2,0,442.0
1487,2,0,437.0
1488,2,0,414.0
1489,2,0,
1490,2,0,
1491,2,0,
1492,2,0,405.0
1493,2,0,
1494,2,0,
1495,2,0,
1496,2,0,
1497,2,0,381.0
1498,2,0,
1499,2,0,
1500,3,0,
1501,3,0,461.0
1502,3,0,
1503,3,0,402.0
1504,3,0,402.0
1505,3,0,394.0
1506,3,0,420.0
1507,3,0,
1508,3,0,
1509,3,0,
1510,3,0,390.0
1511,3,0,395.0
1512,3,0,
1513,3,0,451.0
1514,3,0,
1515,3,0,427.0
1516,3,0,
1517,3,0,435.0
1518,3,0,
1519,3,0,431.0
1520,3,0,
1521,3,0,
1522,3,0,
1523,3,0,
1524,3,0,
1525,3,0,
1526,3,0,
1527,3,0,
1528,3,0,
1529,3,0,
1530,3,0,
1531,3,0,
1532,3,0,409.0
1533,3,0,
1534,3,0,398.0
1535,3,0,
1536,3,0,392.0
1537,3,0,
1538,3,0,436.0
1539,3,0,447.0
1540,3,0,
1541,3,0,
1542,3,0,415.0
1543,3,0,
1544,3,0,427.0
1545,3,0,
1546,3,0,426.0
1547,3,0,
1548,3,0,422.0
1549,3,0,402.0
1550,3,0,
1551,3,0,426.0
1552,3,0,
1553,3,0,
1554,3,0,
1555,3,0,427.0
1556,3,0,437.0
1557,3,0,439.0
1558,3,0,
1559,3,0,
1560,3,0,
1561,3,0,405.0
1562,3,0,
1563,3,0,
1564,3,0,
1565,3,0,415.0
1566,3,0,435.0
1567,3,0,437.0
1568,3,0,
1569,3,0,418.0
1570,3,0,400.0
1571,3,0,393.0
1572,3,0,418.0
1573,3,0,430.0
1574,3,0,
1575,3,0,
1576,3,0,414.0
1577,3,0,
1578,3,0,
1579,3,0,428.0
1580,3,0,
1581,3,0,
1582,3,0,
1583,3,0,432.0
1584,3,0,
1585,3,0,
1586,3,0,
1587,3,0,
1588,3,0,394.0
1589,3,0,403.0
1590,3,0,419.0
1591,3,0,427.0
1592,3,0,408.0
1593,3,0,402.0
1594,3,0,410.0
1595,3,0,415.0
1596,3,0,399.0
1597,3,0,
1598,3,0,415.0
1599,3,0,
1600,3,0,
1601,3,0,
1602,3,0,
1603,3,0,400.0
1604,3,0,428.0
1605,3,0,425.0
1606,3,0,422.0
1607,3,0,
1608,3,0,
1609,3,0,
1610,3,0,
1611,3,0,451.0
1612,3,0,
1613,3,0,424.0
1614,3,0,
1615,3,0,410.0
1616,3,0,
1617,3,0,398.0
1618,3,0,427.0
1619,3,0,405.0
1620,3,0,392.0
1621,3,0,425.0
1622,3,0,
1623,3,0,
1624,3,0,441.0
1625,3,0,428.0
1626,3,0,412.0
1627,3,0,
1628,3,0,412.0
1629,3,0,
1630,3,0,404.0
1631,3,0,402.0
1632,3,0,
1633,3,0,387.0
1634,3,0,
1635,3,0,427.0
1636,3,0,417.0
1637,3,0,
1638,3,0,402.0
1639,3,0,407.0
1640,3,0,389.0
1641,3,0,
1642,3,0,
1643,3,0,421.0
1644,3,0,408.0
1645,3,0,426.0
1646,3,0,
1647,3,0,401.0
1648,3,0,414.0
1649,3,0,
1650,3,0,
1651,3,0,427.0
1652,3,0,411.0
1653,3,0,405.0
1654,3,0,420.0
1655,3,0,400.0
1656,3,0,
1657,3,0,
1658,3,0,
1659,3,0,448.0
1660,3,0,422.0
1661,3,0,
1662,3,0,
1663,3,0,
1664,3,0,422.0
1665,3,0,
1666,3,0,
1667,3,0,
1668,3,0,
1669,3,0,
1670,3,0,
1671,3,0,
1672,3,0,
1673,3,0,409.0
1674,3,0,424.0
1675,3,0,394.0
1676,3,0,417.0
1677,3,0,
1678,3,0,
1679,3,0,
1680,3,0,
1681,3,0,429.0
1682,3,0,426.0
1683,3,0,
1684,3,0,399.0
1685,3,0,390.0
1686,3,0,417.0
1687,3,0,415.0
1688,3,0,
1689,3,0,426.0
1690,3,0,435.0
1691,3,0,
1692,3,0,
1693,3,0,409.0
1694,3,0,
1695,3,0,
1696,3,0,401.0
1697,3,0,
1698,3,0,383.0
1699,3,0,
1700,3,0,
1701,3,0,413.0
1702,3,0,
1703,3,0,417.0
1704,3,0,
1705,3,0,438.0
1706,3,0,422.0
1707,3,0,454.0
1708,3,0,
1709,3,0,416.0
1710,3,0,
1711,3,0,
1712,3,0,
1713,3,0,
1714,3,0,428.0
1715,3,0,409.0
1716,3,0,401.0
1717,3,0,397.0
1718,3,0,
1719,3,0,
1720,3,0,
1721,3,0,
1722,3,0,
1723,3,0,428.0
1724,3,0,406.0
1725,3,0,
1726,3,0,
1727,3,0,
1728,3,0,423.0
1729,3,0,
1730,3,0,436.0
1731,3,0,
1732,3,0,
1733,3,0,409.0
1734,3,0,
1735,3,0,413.0
1736,3,0,426.0
1737,3,0,
1738,3,0,
1739,3,0,
1740,3,0,
1741,3,0,407.0
1742,3,0,
1743,3,0,
1744,3,0,
1745,3,0,
1746,3,0,
1747,3,0,
1748,3,0,394.0
1749,3,0,401.0
1750,3,0,424.0
1751,3,0,417.0
1752,3,0,
1753,3,0,447.0
1754,3,0,444.0
1755,3,0,440.0
1756,3,0,428.0
1757,3,0,
1758,3,0,424.0
1759,3,0,443.0
1760,3,0,
1761,3,0,
1762,3,0,431.0
1763,3,0,426.0
1764,3,0,426.0
1765,3,0,
1766,3,0,
1767,3,0,419.0
1768,3,0,
1769,3,0,418.0
1770,3,0,427.0
1771,3,0,
1772,3,0,409.0
1773,3,0,384.0
1774,3,0,
1775,3,0,
1776,3,0,403.0
1777,3,0,404.0
1778,3,0,438.0
1779,3,0,428.0
1780,3,0,
1781,3,0,
1782,3,0,414.0
1783,3,0,409.0
1784,3,0,
1785,3,0,418.0
1786,3,0,420.0
1787,3,0,
1788,3,0,
1789,3,0,404.0
1790,3,0,
1791,3,0,437.0
1792,3,0,425.0
1793,3,0,
1794,3,0,403.0
1795,3,0,401.0
1796,3,0,
1797,3,0,
1798,3,0,
1799,3,0,405.0
1800,3,0,
1801,3,0,
1802,3,0,434.0
1803,3,0,418.0
1804,3,0,
1805,3,0,416.0
1806,3,0,
1807,3,0,405.0
1808,3,0,404.0
1809,3,0,
1810,3,0,420.0
1811,3,0,425.0
1812,3,0,402.0
1813,3,0,
1814,3,0,
1815,3,0,416.0
1816,3,0,405.0
1817,3,0,410.0
1818,3,0,
1819,3,0,432.0
1820,3,0,412.0
1821,3,0,425.0
1822,3,0,421.0
1823,3,0,
1824,3,0,413.0
1825,3,0,422.0
1826,3,0,431.0
1827,3,0,414.0
1828,3,0,
1829,3,0,
1830,3,0,426.0
1831,3,0,
1832,3,0,
1833,3,0,412.0
1834,3,0,
1835,3,0,
1836,3,0,448.0
1837,3,0,
1838,3,0,425.0
1839,3,0,
1840,3,0,416.0
1841,3,0,
1842,3,0,
1843,3,0,
1844,3,0,
1845,3,0,
1846,3,0,426.0
1847,3,0,
1848,3,0,
1849,3,0,
1850,3,0,400.0
1851,3,0,419.0
1852,3,0,417.0
1853,3,0,
1854,3,0,
1855,3,0,433.0
1856,3,0,
1857,3,0,396.0
1858,3,0,
1859,3,0,
1860,3,0,390.0
1861,3,0,
1862,3,0,
1863,3,0,415.0
1864,3,0,
1865,3,0,401.0
1866,3,0,427.0
1867,3,0,443.0
1868,3,0,414.0
1869,3,0,
1870,3,0,
1871,3,0,
1872,3,0,415.0
1873,3,0,411.0
1874,3,0,
1875,3,0,
1876,3,0,393.0
1877,3,0,
1878,3,0,387.0
1879,3,0,
1880,3,0,
1881,3,0,
1882,3,0,
1883,3,0,436.0
1884,3,0,419.0
1885,3,0,
1886,3,0,
1887,3,0,
1888,3,0,406.0
1889,3,0,
1890,3,0,
1891,3,0,
1892,3,0,416.0
1893,3,0,402.0
1894,3,0,431.0
1895,3,0,
1896,3,0,445.0
1897,3,0,
1898,3,0,
1899,3,0,401.0
1900,3,0,
1901,3,0,412.0
1902,3,0,
1903,3,0,
1904,3,0,449.0
1905,3,0,
1906,3,0,
1907,3,0,
1908,3,0,
1909,3,0,421.0
1910,3,0,
1911,3,0,
1912,3,0,412.0
1913,3,0,
1914,3,0,440.0
1915,3,0,
1916,3,0,422.0
1917,3,0,423.0
1918,3,0,410.0
1919,3,0,
1920,3,0,418.0
1921,3,0,
1922,3,0,412.0
1923,3,0,397.0
1924,3,0,427.0
1925,3,0,
1926,3,0,394.0
1927,3,0,418.0
1928,3,0,410.0
1929,3,0,432.0
1930,3,0,439.0
1931,3,0,
1932,3,0,
1933,3,0,
1934,3,0,
1935,3,0,409.0
1936,3,0,
1937,3,0,
1938,3,0,
1939,3,0,
1940,3,0,
1941,3,0,
1942,3,0,411.0
1943,3,0,418.0
1944,3,0,416.0
1945,3,0,
1946,3,0,403.0
1947,3,0,
1948,3,0,435.0
1949,3,0,
1950,3,0,
1951,3,0,404.0
1952,3,0,
1953,3,0,415.0
1954,3,0,406.0
1955,3,0,
1956,3,0,
1957,3,0,
1958,3,0,402.0
1959,3,0,
1960,3,0,
1961,3,0,390.0
1962,3,0,399.0
1963,3,0,
1964,3,0,405.0
1965,3,0,428.0
1966,3,0,
1967,3,0,
1968,3,0,417.0
1969,3,0,
1970,3,0,400.0
1971,3,0,402.0
1972,3,0,
1973,3,0,416.0
1974,3,0,
1975,3,0,
1976,3,0,410.0
1977,3,0,
1978,3,0,
1979,3,0,457.0
1980,3,0,418.0
1981,3,0,422.0
1982,3,0,417.0
1983,3,0,
1984,3,0,450.0
1985,3,0,
1986,3,0,442.0
1987,3,0,
1988,3,0,
1989,3,0,
1990,3,0,
1991,3,0,420.0
1992,3,0,402.0
1993,3,0,
1994,3,0,
1995,3,0,
1996,3,0,380.0
1997,3,0,364.0
1998,3,0,
1999,3,0,
2000,4,0,
2001,4,0,447.0
2002,4,0,402.0
2003,4,0,
2004,4,0,
2005,4,0,389.0
2006,4,0,415.0
2007,4,0,
2008,4,0,
2009,4,0,
2010,4,0,
2011,4,0,
2012,4,0,437.0
2013,4,0,
2014,4,0,
2015,4,0,
2016,4,0,412.0
2017,4,0,
2018,4,0,
2019,4,0,
2020,4,0,
2021,4,0,
2022,4,0,
2023,4,0,
2024,4,0,392.0
2025,4,0,395.0
2026,4,0,
2027,4,0,
2028,4,0,
2029,4,0,
2030,4,0,
2031,4,0,
2032,4,0,
2033,4,0,404.0
2034,4,0,380.0
2035,4,0,375.0
2036,4,0,401.0
2037,4,0,401.0
2038,4,0,446.0
2039,4,0,430.0
2040,4,0,414.0
2041,4,0,
2042,4,0,
2043,4,0,411.0
2044,4,0,419.0
2045,4,0,
2046,4,0,
2047,4,0,
2048,4,0,425.0
2049,4,0,
2050,4,0,
2051,4,0,
2052,4,0,
2053,4,0,
2054,4,0,
2055,4,0,
2056,4,0,
2057,4,0,441.0
2058,4,0,392.0
2059,4,0,
2060,4,0,
2061,4,0,
2062,4,0,452.0
2063,4,0,
2064,4,0,
2065,4,0,
2066,4,0,418.0
2067,4,0,
2068,4,0,
2069,4,0,411.0
2070,4,0,388.0
2071,4,0,
2072,4,0,
2073,4,0,419.0
2074,4,0,384.0
2075,4,0,394.0
2076,4,0,439.0
2077,4,0,
2078,4,0,433.0
2079,4,0,
2080,4,0,
2081,4,0,
2082,4,0,
2083,4,0,439.0
2084,4,0,
2085,4,0,421.0
2086,4,0,378.0
2087,4,0,382.0
2088,4,0,390.0
2089,4,0,
2090,4,0,421.0
2091,4,0,431.0
2092,4,0,398.0
2093,4,0,
2094,4,0,
2095,4,0,419.0
2096,4,0,
2097,4,0,
2098,4,0,429.0
2099,4,0,406.0
2100,4,0,400.0
2101,4,0,
2102,4,0,404.0
2103,4,0,
2104,4,0,
2105,4,0,
2106,4,0,
2107,4,0,421.0
2108,4,0,410.0
2109,4,0,
2110,4,0,451.0
2111,4,0,457.0
2112,4,0,419.0
2113,4,0,
2114,4,0,
2115,4,0,
2116,4,0,
2117,4,0,
2118,4,0,406.0
2119,4,0,417.0
2120,4,0,397.0
2121,4,0,
2122,4,0,408.0
2123,4,0,
2124,4,0,
2125,4,0,432.0
2126,4,0,421.0
2127,4,0,
2128,4,0,402.0
2129,4,0,
2130,4,0,
2131,4,0,
2132,4,0,389.0
2133,4,0,
2134,4,0,
2135,4,0,420.0
2136,4,0,417.0
2137,4,0,407.0
2138,4,0,
2139,4,0,406.0
2140,4,0,
2141,4,0,
2142,4,0,
2143,4,0,416.0
2144,4,0,410.0
2145,4,0,
2146,4,0,410.0
2147,4,0,
2148,4,0,
2149,4,0,
2150,4,0,
2151,4,0,439.0
2152,4,0,
2153,4,0,410.0
2154,4,0,409.0
2155,4,0,
2156,4,0,419.0
2157,4,0,423.0
2158,4,0,
2159,4,0,439.0
2160,4,0,
2161,4,0,
2162,4,0,416.0
2163,4,0,
2164,4,0,
2165,4,0,
2166,4,0,401.0
2167,4,0,
2168,4,0,
2169,4,0,414.0
2170,4,0,
2171,4,0,415.0
2172,4,0,414.0
2173,4,0,
2174,4,0,404.0
2175,4,0,
2176,4,0,423.0
2177,4,0,420.0
2178,4,0,
2179,4,0,
2180,4,0,
2181,4,0,
2182,4,0,
2183,4,0,412.0
2184,4,0,397.0
2185,4,0,
2186,4,0,
2187,4,0,
2188,4,0,
2189,4,0,443.0
2190,4,0,455.0
2191,4,0,452.0
2192,4,0,
2193,4,0,411.0
2194,4,0,397.0
2195,4,0,
2196,4,0,
2197,4,0,
2198,4,0,372.0
2199,4,0,
2200,4,0,
2201,4,0,
2202,4,0,
2203,4,0,425.0
2204,4,0,
2205,4,0,426.0
2206,4,0,
2207,4,0,428.0
2208,4,0,415.0
2209,4,0,412.0
2210,4,0,
2211,4,0,
2212,4,0,390.0
2213,4,0,398.0
2214,4,0,420.0
2215,4,0,
2216,4,0,
2217,4,0,388.0
2218,4,0,
2219,4,0,
2220,4,0,414.0
2221,4,0,389.0
2222,4,0,
2223,4,0,422.0
2224,4,0,
2225,4,0,
2226,4,0,415.0
2227,4,0,
2228,4,0,437.0
2229,4,0,
2230,4,0,
2231,4,0,
2232,4,0,
2233,4,0,
2234,4,0,
2235,4,0,405.0
2236,4,0,430.0
2237,4,0,
2238,4,0,409.0
2239,4,0,
2240,4,0,
2241,4,0,
2242,4,0,410.0
2243,4,0,
2244,4,0,
2245,4,0,418.0
2246,4,0,449.0
2247,4,0,435.0
2248,4,0,
2249,4,0,
2250,4,0,
2251,4,0,
2252,4,0,
2253,4,0,
2254,4,0,
2255,4,0,438.0
2256,4,0,
2257,4,0,
2258,4,0,
2259,4,0,438.0
2260,4,0,
2261,4,0,416.0
2262,4,0,437.0
2263,4,0,441.0
2264,4,0,
2265,4,0,
2266,4,0,416.0
2267,4,0,420.0
2268,4,0,
2269,4,0,
2270,4,0,443.0
2271,4,0,
2272,4,0,388.0
2273,4,0,395.0
2274,4,0,
2275,4,0,
2276,4,0,
2277,4,0,
2278,4,0,
2279,4,0,426.0
2280,4,0,
2281,4,0,440.0
2282,4,0,
2283,4,0,
2284,4,0,
2285,4,0,
2286,4,0,411.0
2287,4,0,420.0
2288,4,0,403.0
2289,4,0,383.0
2290,4,0,418.0
2291,4,0,
2292,4,0,
2293,4,0,
2294,4,0,386.0
2295,4,0,404.0
2296,4,0,413.0
2297,4,0,
2298,4,0,396.0
2299,4,0,412.0
2300,4,0,417.0
2301,4,0,413.0
2302,4,0,421.0
2303,4,0,443.0
2304,4,0,
2305,4,0,
2306,4,0,391.0
2307,4,0,
2308,4,0,
2309,4,0,
2310,4,0,408.0
2311,4,0,
2312,4,0,
2313,4,0,411.0
2314,4,0,
2315,4,0,406.0
2316,4,0,410.0
2317,4,0,
2318,4,0,449.0
2319,4,0,
2320,4,0,422.0
2321,4,0,410.0
2322,4,0,416.0
2323,4,0,
2324,4,0,419.0
2325,4,0,
2326,4,0,
2327,4,0,429.0
2328,4,0,
2329,4,0,
2330,4,0,414.0
2331,4,0,
2332,4,0,
2333,4,0,409.0
2334,4,0,
2335,4,0,424.0
2336,4,0,
2337,4,0,445.0
2338,4,0,
2339,4,0,
2340,4,0,413.0
2341,4,0,
2342,4,0,414.0
2343,4,0,403.0
2344,4,0,
2345,4,0,
2346,4,0,
2347,4,0,
2348,4,0,413.0
2349,4,0,395.0
2350,4,0,
2351,4,0,
2352,4,0,409.0
2353,4,0,
2354,4,0,
2355,4,0,
2356,4,0,
2357,4,0,
2358,4,0,432.0
2359,4,0,
2360,4,0,
2361,4,0,
2362,4,0,
2363,4,0,420.0
2364,4,0,418.0
2365,4,0,
2366,4,0,
2367,4,0,433.0
2368,4,0,409.0
2369,4,0,
2370,4,0,394.0
2371,4,0,394.0
2372,4,0,
2373,4,0,
2374,4,0,427.0
2375,4,0,444.0
2376,4,0,401.0
2377,4,0,397.0
2378,4,0,389.0
2379,4,0,383.0
2380,4,0,
2381,4,0,
2382,4,0,436.0
2383,4,0,438.0
2384,4,0,421.0
2385,4,0,418.0
2386,4,0,
2387,4,0,
2388,4,0,410.0
2389,4,0,
2390,4,0,
2391,4,0,374.0
2392,4,0,405.0
2393,4,0,405.0
2394,4,0,422.0
2395,4,0,
2396,4,0,433.0
2397,4,0,
2398,4,0,410.0
2399,4,0,
2400,4,0,
2401,4,0,
2402,4,0,400.0
2403,4,0,374.0
2404,4,0,433.0
2405,4,0,425.0
2406,4,0,415.0
2407,4,0,438.0
2408,4,0,
2409,4,0,423.0
2410,4,0,
2411,4,0,398.0
2412,4,0,399.0
2413,4,0,399.0
2414,4,0,442.0
2415,4,0,444.0
2416,4,0,
2417,4,0,419.0
2418,4,0,
2419,4,0,
2420,4,0,
2421,4,0,
2422,4,0,
2423,4,0,419.0
2424,4,0,432.0
2425,4,0,434.0
2426,4,0,
2427,4,0,
2428,4,0,416.0
2429,4,0,
2430,4,0,
2431,4,0,
2432,4,0,390.0
2433,4,0,
2434,4,0,
2435,4,0,
2436,4,0,406.0
2437,4,0,410.0
2438,4,0,
2439,4,0,425.0
2440,4,0,
2441,4,0,420.0
2442,4,0,400.0
2443,4,0,409.0
2444,4,0,
2445,4,0,
2446,4,0,
2447,4,0,
2448,4,0,
2449,4,0,431.0
2450,4,0,411.0
2451,4,0,406.0
2452,4,0,
2453,4,0,423.0
2454,4,0,404.0
2455,4,0,399.0
2456,4,0,
2457,4,0,
2458,4,0,396.0
2459,4,0,
2460,4,0,393.0
2461,4,0,370.0
2462,4,0,386.0
2463,4,0,
2464,4,0,404.0
2465,4,0,
2466,4,0,398.0
2467,4,0,
2468,4,0,
2469,4,0,
2470,4,0,
2471,4,0,
2472,4,0,
2473,4,0,410.0
2474,4,0,
2475,4,0,413.0
2476,4,0,
2477,4,0,
2478,4,0,465.0
2479,4,0,
2480,4,0,
2481,4,0,410.0
2482,4,0,414.0
2483,4,0,
2484,4,0,
2485,4,0,437.0
2486,4,0,443.0
2487,4,0,
2488,4,0,430.0
2489,4,0,
2490,4,0,
2491,4,0,
2492,4,0,405.0
2493,4,0,
2494,4,0,404.0
2495,4,0,412.0
2496,4,0,
2497,4,0,377.0
2498,4,0,
2499,4,0,442.0
