variant_index,position,maf,beta,is_causal
0,223.0,0.0349,0.0,0
1,398.0,0.0669,0.0,0
2,484.0,0.0128,0.0,0
3,551.0,0.0669,0.0,0
4,1178.0,0.01,0.0,0
5,1492.0,0.06830000000000003,0.0,0
6,2066.0,0.1732,0.0,0
7,2407.0,0.0683,0.0,0
8,3003.0,0.0101,0.0,0
9,4978.0,0.1097,0.0,0
10,5678.0,0.3316,0.0,0
11,5751.0,0.3316,0.0,0
12,6962.0,0.2114,0.0,0
13,8197.0,0.0349,0.0,0
14,9976.0,0.01,0.0,0
15,11811.0,0.0344,0.0,0
16,13469.0,0.0734,0.0,0
17,14085.0,0.0344,0.0,0
18,14348.0,0.1742,0.0,0
19,18443.0,0.3046,0.0,0
20,19047.0,0.1519,0.0,0
21,19603.0,0.0527,0.0,0
22,20115.0,0.0419,0.0,0
23,20959.0,0.0156,0.0,0
24,22203.0,0.0254,0.0,0
25,22910.0,0.0287,0.0,0
26,24367.0,0.0247,0.0,0
27,24692.0,0.073,0.0,0
28,25611.0,0.0633,0.0,0
29,26491.0,0.0298,0.0,0
30,26717.0,0.4506,0.0,0
31,27088.0,0.0125,0.0,0
32,27497.0,0.3277,0.0,0
33,28035.0,0.1361,0.0,0
34,28609.0,0.1459,0.0,0
35,29561.0,0.0731,0.0,0
36,29846.0,0.0365,0.0,0
37,30723.0,0.0418,0.0,0
38,30744.0,0.0251,0.0,0
39,30991.0,0.3056,0.0,0
40,31828.0,0.0812,0.0,0
41,31996.0,0.0745,0.0,0
42,32270.0,0.3025,0.0,0
43,32536.0,0.3025,0.0,0
44,33591.0,0.3025,0.0,0
45,35767.0,0.1331,0.0,0
46,35861.0,0.26459999999999995,0.0,0
47,36558.0,0.0276,0.0,0
48,37648.0,0.1182,0.0,0
49,37806.0,0.0949,0.0,0
50,38236.0,0.0109,0.0,0
51,38404.0,0.0384,0.0,0
52,38498.0,0.061,0.0,0
53,40165.0,0.0192,0.0,0
54,42180.0,0.0168,0.0,0
55,42215.0,0.1519,0.0,0
56,42607.0,0.15190000000000003,0.0,0
57,43323.0,0.0927,0.0,0
58,43754.0,0.0927,0.0,0
59,43763.0,0.0251,0.0,0
60,45642.0,0.0609,0.0,0
61,45851.0,0.1177,0.0,0
62,45886.0,0.0271,0.0,0
63,46407.0,0.0329,0.0,0
64,46515.0,0.1545,0.0,0
65,48110.0,0.1545,0.0,0
66,48505.0,0.15449999999999997,0.0,0
67,48563.0,0.1291,0.0,0
68,48735.0,0.0657,0.0,0
69,48804.0,0.2202,0.0,0
70,48898.0,0.22019999999999995,0.0,0
71,48923.0,0.0368,0.024348624039279093,1
72,48954.0,0.0954,0.0,0
73,48984.0,0.0657,0.0,0
74,50007.0,0.0602,0.0,0
75,50288.0,0.3244,0.0,0
76,50378.0,0.042,0.0,0
77,51367.0,0.2993,0.0,0
78,51483.0,0.0117,0.0,0
79,51541.0,0.0367,0.0,0
80,52378.0,0.4043,0.0,0
81,52771.0,0.4991,0.0,0
82,53144.0,0.4041,0.0,0
83,53193.0,0.0251,0.0,0
84,53498.0,0.2928,0.0,0
85,53998.0,0.2928,0.0,0
86,54892.0,0.18779999999999997,0.0,0
87,55052.0,0.1878,0.0,0
88,55443.0,0.18779999999999997,0.0,0
89,55501.0,0.0456,0.0,0
90,55526.0,0.0367,0.0,0
91,56329.0,0.45799999999999996,0.0,0
92,56340.0,0.033,0.0,0
93,56616.0,0.131,0.0,0
94,57080.0,0.20740000000000003,0.0,0
95,57681.0,0.20740000000000003,0.0,0
96,57726.0,0.0134,0.0,0
97,58203.0,0.20809999999999995,0.0,0
98,58321.0,0.0982,0.0,0
99,59588.0,0.2097,0.0,0
100,60337.0,0.22219999999999995,0.0,0
101,60406.0,0.2621,0.0,0
102,60416.0,0.2222,0.0,0
103,60758.0,0.48429999999999995,0.010999834198588259,1
104,60792.0,0.2222,0.0,0
105,60796.0,0.22219999999999995,0.0,0
106,61406.0,0.1102,0.0,0
107,61438.0,0.1436,0.0,0
108,61773.0,0.1639,0.0,0
109,62202.0,0.0907,0.0,0
110,63049.0,0.1639,0.04201540687286978,1
111,65768.0,0.0329,0.0,0
112,65836.0,0.2884,0.0,0
113,68294.0,0.0911,0.0,0
114,69540.0,0.0296,0.0,0
115,69888.0,0.3527,0.0,0
116,70293.0,0.3509,0.0,0
117,71463.0,0.47040000000000004,0.0,0
118,71472.0,0.062,0.0,0
119,72609.0,0.4991,0.0,0
120,73323.0,0.0911,0.0,0
121,73461.0,0.49560000000000004,0.0,0
122,74520.0,0.0575,0.0,0
123,75179.0,0.0598,0.0,0
124,75743.0,0.0374,0.0,0
125,76066.0,0.017,-0.016951653795028124,1
126,76810.0,0.0374,0.0,0
127,77002.0,0.3425,0.0,0
128,77035.0,0.0135,0.0,0
129,77279.0,0.0105,0.0,0
130,78879.0,0.0107,0.0,0
131,79421.0,0.0135,0.0,0
132,79865.0,0.0844,0.0,0
133,80246.0,0.0398,0.0,0
134,81052.0,0.4122,0.0,0
135,81087.0,0.0844,0.0,0
136,81431.0,0.2922,-0.04632879707027625,1
137,81452.0,0.0598,0.0,0
138,81462.0,0.2922,0.0,0
139,82003.0,0.0411,0.0,0
140,82342.0,0.0598,0.0,0
141,82654.0,0.0151,0.01338557311719179,1
142,83541.0,0.0217,0.0,0
143,83891.0,0.0151,0.0,0
144,84412.0,0.017,0.0,0
145,84725.0,0.2918,0.0,0
146,85586.0,0.0598,0.0,0
147,85963.0,0.2918,0.0,0
148,86048.0,0.0502,0.021721182177292866,1
149,86533.0,0.0733,-0.0070395443208192635,1
150,87357.0,0.0501,0.0,0
151,87837.0,0.3342,0.0,0
152,88240.0,0.0598,0.0,0
153,88294.0,0.0102,0.0,0
154,88747.0,0.0613,0.0,0
155,88955.0,0.0501,0.0,0
156,89330.0,0.0135,0.0,0
157,92355.0,0.2082,0.0,0
158,92707.0,0.0165,0.0,0
159,92987.0,0.3702,0.0,0
160,94049.0,0.2503,0.0,0
161,95039.0,0.2886,0.0,0
162,95804.0,0.0178,0.0,0
163,96103.0,0.012,0.0,0
164,97206.0,0.1552,0.0,0
165,97330.0,0.0179,0.0,0
166,97344.0,0.0238,0.0,0
167,97835.0,0.1378,0.0,0
168,98503.0,0.0179,0.0,0
169,99759.0,0.0988,0.0,0
170,100314.0,0.0339,0.0,0
171,104933.0,0.1032,0.0,0
172,104985.0,0.072,0.0,0
173,108007.0,0.0825,0.0,0
174,108821.0,0.0465,0.0,0
175,108871.0,0.118,0.0,0
176,109370.0,0.1823,0.0,0
177,109884.0,0.062,0.0,0
178,110529.0,0.0856,0.0,0
179,110665.0,0.11699999999999999,0.0,0
180,110923.0,0.0219,0.0,0
181,111449.0,0.0878,0.0,0
182,111485.0,0.0221,0.0,0
183,111723.0,0.1268,0.0,0
184,111833.0,0.117,0.0,0
185,113158.0,0.11699999999999999,0.0,0
186,113213.0,0.025,0.0,0
187,113747.0,0.11709999999999998,0.0,0
188,113798.0,0.0619,0.0,0
189,113892.0,0.3268,0.0,0
190,113916.0,0.1171,0.0,0
191,114262.0,0.11709999999999998,0.0,0
192,114583.0,0.1274,0.0,0
193,114607.0,0.1171,0.0,0
194,114673.0,0.11709999999999998,0.0,0
195,114835.0,0.1274,0.0,0
196,114857.0,0.0954,0.0,0
197,114919.0,0.0158,0.0,0
198,115669.0,0.0219,0.0,0
199,116777.0,0.0672,0.0,0
200,117318.0,0.0961,0.0,0
201,117829.0,0.0149,0.0,0
202,117885.0,0.1513,0.0,0
203,118938.0,0.0175,0.0,0
204,119191.0,0.0232,0.06496141488930328,1
205,121291.0,0.0141,0.0,0
206,123241.0,0.0143,0.0,0
207,123426.0,0.0258,0.0,0
208,124161.0,0.0497,0.0,0
209,127392.0,0.4004,0.0,0
210,127945.0,0.1038,0.0,0
211,127975.0,0.0227,0.0,0
212,128724.0,0.0149,0.0,0
213,129269.0,0.0303,0.0,0
214,129495.0,0.0353,-0.08636602115961745,1
215,129649.0,0.0937,0.0,0
216,129875.0,0.3067,0.0,0
217,130135.0,0.0227,0.0,0
218,131052.0,0.2037,0.0,0
219,132689.0,0.0484,0.0,0
220,132926.0,0.113,0.0,0
221,135803.0,0.0341,0.0,0
222,135938.0,0.1041,0.0,0
223,136552.0,0.4072,0.0,0
224,140142.0,0.0546,0.0,0
225,141259.0,0.0625,0.0,0
226,142916.0,0.0416,0.0,0
227,142920.0,0.0546,0.0,0
228,143339.0,0.0749,0.0,0
229,144282.0,0.0749,0.0,0
230,144379.0,0.2468,0.0,0
231,144552.0,0.0138,0.0,0
232,144689.0,0.0747,0.0,0
233,144783.0,0.3609,0.0,0
234,145136.0,0.0111,0.0,0
235,145268.0,0.3609,0.0,0
236,145603.0,0.0376,0.0,0
237,147097.0,0.2463,0.0,0
238,147445.0,0.1815,0.0,0
239,147466.0,0.0625,0.0,0
240,148196.0,0.1936,0.0,0
241,148229.0,0.0749,0.0,0
242,148242.0,0.2198,0.0,0
243,148462.0,0.2198,0.0,0
244,149118.0,0.3278,0.0,0
245,150344.0,0.0876,0.0,0
246,150853.0,0.0369,0.0,0
247,151184.0,0.036900000000000044,0.0,0
248,151289.0,0.0629,0.0,0
249,152249.0,0.036900000000000044,0.0,0
250,152742.0,0.4718,0.0,0
251,152910.0,0.0382,0.0,0
252,153187.0,0.0264,0.03687577842335433,1
253,155548.0,0.1436,0.0,0
254,155555.0,0.0209,0.0,0
255,157204.0,0.0484,0.0,0
256,158633.0,0.4549,0.0,0
257,158664.0,0.0168,0.0,0
258,159650.0,0.0217,0.0,0
259,159754.0,0.0284,0.0,0
260,160358.0,0.1066,0.0,0
261,160729.0,0.3368,0.0,0
262,162277.0,0.2876,0.0,0
263,163012.0,0.3881,0.0,0
264,163956.0,0.0881,0.0,0
265,164038.0,0.0542,0.0,0
266,164187.0,0.3881,0.0,0
267,164306.0,0.43920000000000003,0.041906328394719056,1
268,164594.0,0.4341,0.0,0
269,164641.0,0.1802,0.0,0
270,164895.0,0.46519999999999995,0.0,0
271,165147.0,0.4652,0.0,0
272,165255.0,0.1067,0.0,0
273,165541.0,0.2791,0.0,0
274,165801.0,0.491,0.0,0
275,166204.0,0.491,0.0,0
276,166257.0,0.0923,0.0,0
277,166517.0,0.4167,0.0,0
278,166753.0,0.491,0.0,0
279,167048.0,0.491,0.0,0
280,167238.0,0.0923,0.0,0
281,167955.0,0.34099999999999997,0.0,0
282,168253.0,0.4843,0.0,0
283,168277.0,0.0629,0.0,0
284,168388.0,0.48429999999999995,0.0,0
285,168435.0,0.0188,0.0,0
286,169108.0,0.48429999999999995,0.0,0
287,169359.0,0.48429999999999995,0.0,0
288,171276.0,0.0302,0.0,0
289,171686.0,0.4839,0.0,0
290,175135.0,0.0302,0.0,0
291,175427.0,0.0261,0.0,0
292,175753.0,0.0248,-0.05979198227945198,1
293,176176.0,0.1152,0.0,0
294,178408.0,0.0468,0.0,0
295,178566.0,0.0904,0.0,0
296,178695.0,0.3637,0.0,0
297,179851.0,0.0261,0.0,0
298,180239.0,0.3629,0.0,0
299,180500.0,0.0909,0.0,0
300,180841.0,0.0993,0.0,0
301,180932.0,0.47550000000000003,0.0,0
302,181076.0,0.0398,0.0,0
303,181311.0,0.48219999999999996,0.0,0
304,181725.0,0.2988,0.0,0
305,181935.0,0.02,0.0,0
306,182536.0,0.1668,0.0,0
307,182623.0,0.0909,0.0,0
308,182986.0,0.0295,0.0,0
309,183360.0,0.106,0.0,0
310,183899.0,0.0398,0.0,0
311,186398.0,0.02,0.0,0
312,187896.0,0.151,0.0,0
313,189353.0,0.0768,-0.08436672169790149,1
314,189493.0,0.4539,0.0,0
315,189714.0,0.0525,0.0,0
316,190073.0,0.0778,0.0,0
317,190741.0,0.0665,0.10642348662175823,1
318,191182.0,0.0116,0.0,0
319,191788.0,0.0226,0.0,0
320,192405.0,0.0206,0.0006247059363843715,1
321,192475.0,0.06259999999999999,0.0,0
322,193103.0,0.0783,0.0,0
323,193119.0,0.0366,0.0,0
324,193606.0,0.0126,0.0,0
325,194247.0,0.026,0.0,0
326,194520.0,0.1127,0.0,0
327,195631.0,0.16759999999999997,0.0,0
328,197606.0,0.0414,0.0,0
329,199916.0,0.1901,0.0,0
330,201110.0,0.0146,0.0,0
331,201744.0,0.0137,0.0,0
332,201794.0,0.1043,0.0,0
333,202291.0,0.0191,0.0,0
334,202871.0,0.0452,0.0,0
335,203359.0,0.0346,0.0,0
336,203388.0,0.2667,0.0,0
337,203570.0,0.0656,0.0,0
338,203961.0,0.0378,0.0,0
339,204482.0,0.26549999999999996,0.0,0
340,204497.0,0.044,0.0,0
341,205526.0,0.2655,0.0,0
342,205973.0,0.0246,0.0,0
343,206303.0,0.0325,0.0,0
344,206530.0,0.1529,0.0,0
345,207426.0,0.0282,0.0,0
346,208130.0,0.17569999999999997,0.0,0
347,208488.0,0.026,0.0,0
348,209220.0,0.0343,0.0,0
349,210247.0,0.1136,0.0,0
350,210955.0,0.103,0.0,0
351,211029.0,0.0141,0.0,0
352,213067.0,0.1596,0.0,0
353,213356.0,0.0187,0.0,0
354,214103.0,0.0159,0.0,0
355,215357.0,0.0923,0.0,0
356,216002.0,0.157,0.0,0
357,216168.0,0.16559999999999997,0.0,0
358,216275.0,0.0772,0.0,0
359,216342.0,0.1462,0.0,0
360,216929.0,0.056,0.0,0
361,217015.0,0.0108,0.0,0
362,217721.0,0.012,0.0,0
363,217859.0,0.1034,0.0,0
364,218338.0,0.0149,0.0,0
365,218580.0,0.0149,0.0,0
366,218938.0,0.24460000000000004,-0.047501102745529065,1
367,219168.0,0.2443,0.0,0
368,219272.0,0.2443,0.0,0
369,219755.0,0.0695,0.0,0
370,220288.0,0.35950000000000004,0.0,0
371,220319.0,0.1249,0.0,0
372,220747.0,0.1249,0.0,0
373,223213.0,0.47419999999999995,0.0,0
374,223581.0,0.2455,0.0,0
375,224703.0,0.0133,0.0,0
376,224924.0,0.2118,-0.010271877893381501,1
377,225550.0,0.0928,0.0,0
378,225690.0,0.0971,0.0,0
379,226766.0,0.4833,0.0,0
380,229470.0,0.0916,0.0,0
381,229789.0,0.4833,0.0,0
382,232330.0,0.3618,0.0,0
383,232621.0,0.3675,0.0,0
384,233710.0,0.3675,0.0,0
385,234017.0,0.2583,0.0,0
386,234175.0,0.1825,0.0,0
387,234276.0,0.0119,0.0,0
388,234391.0,0.0153,0.0,0
389,234508.0,0.3675,0.0,0
390,234897.0,0.1748,0.0,0
391,235251.0,0.1184,0.0,0
392,236896.0,0.026,0.0,0
393,237410.0,0.326,0.0,0
394,237459.0,0.2797,0.0,0
395,238514.0,0.1296,0.0,0
396,238548.0,0.2402,0.0,0
397,238710.0,0.36860000000000004,0.0,0
398,238794.0,0.013,0.0,0
399,239056.0,0.3556,0.0,0
400,239190.0,0.3556,0.0,0
401,239205.0,0.36860000000000004,0.0,0
402,239318.0,0.3686,0.0,0
403,239804.0,0.3556,0.0,0
404,240076.0,0.052,0.0,0
405,240172.0,0.1716,0.0,0
406,240344.0,0.0466,0.0,0
407,240546.0,0.013,0.0,0
408,241478.0,0.37070000000000003,0.0,0
409,241775.0,0.3912,0.0,0
410,242013.0,0.3912,0.0,0
411,242904.0,0.0893,0.0,0
412,243217.0,0.0221,0.0,0
413,243343.0,0.0153,0.0,0
414,243388.0,0.2511,0.0,0
415,243878.0,0.1859,0.0,0
416,244264.0,0.0164,0.0,0
417,245885.0,0.4606,0.0,0
418,246596.0,0.0814,0.0,0
419,246626.0,0.4605,0.0,0
420,246723.0,0.013,0.0,0
421,247243.0,0.182,0.0,0
422,247941.0,0.182,0.0,0
423,248052.0,0.358,0.0,0
424,249142.0,0.0657,0.0,0
425,250785.0,0.46,0.0,0
426,250976.0,0.0353,0.0,0
427,251607.0,0.0657,0.0,0
428,251877.0,0.108,0.0,0
429,251890.0,0.4613,0.0,0
430,252113.0,0.0151,0.0,0
431,252324.0,0.1947,0.0,0
432,252353.0,0.4613,0.0,0
433,252485.0,0.0164,0.0,0
434,252908.0,0.1248,0.0,0
435,254551.0,0.122,0.0,0
436,254677.0,0.1127,0.0,0
437,255922.0,0.1532,0.0,0
438,256837.0,0.0392,0.0,0
439,257715.0,0.0784,0.0,0
440,260646.0,0.0168,0.0,0
441,260694.0,0.3965,0.0,0
442,261388.0,0.149,0.0,0
443,261723.0,0.3947,0.0,0
444,261977.0,0.1601,0.0,0
445,262118.0,0.2464,0.0,0
446,262301.0,0.2093,0.0,0
447,263036.0,0.0731,0.0,0
448,263059.0,0.0135,-0.07235562362115437,1
449,263631.0,0.1598,0.0,0
450,264386.0,0.0359,0.0,0
451,265606.0,0.1606,0.0,0
452,267077.0,0.0971,0.0,0
453,267319.0,0.3144,0.0,0
454,268230.0,0.3144,0.0,0
455,268861.0,0.0485,0.0,0
456,268912.0,0.0485,0.0,0
457,269468.0,0.0971,0.0,0
458,269804.0,0.4166,0.0,0
459,269873.0,0.3105,0.0,0
460,269973.0,0.0486,0.0,0
461,270928.0,0.0212,0.0,0
462,270948.0,0.0533,0.0,0
463,271462.0,0.0183,0.0,0
464,271585.0,0.2561,0.0,0
465,271881.0,0.1156,0.0,0
466,271893.0,0.0897,0.0,0
467,272186.0,0.2481,0.0,0
468,272501.0,0.1101,0.0,0
469,272757.0,0.1743,0.0,0
470,272787.0,0.2481,0.0,0
471,272874.0,0.0113,0.0,0
472,273079.0,0.0337,0.0,0
473,273320.0,0.1968,0.0,0
474,273434.0,0.403,0.0,0
475,276581.0,0.0133,0.0,0
476,276714.0,0.0947,0.0,0
477,277036.0,0.0202,0.0,0
478,277368.0,0.4,0.0,0
479,277670.0,0.106,0.0,0
480,277723.0,0.0125,0.0,0
481,277933.0,0.0113,0.0,0
482,278103.0,0.2268,0.0,0
483,278865.0,0.388,0.0,0
484,278915.0,0.0388,0.0,0
485,280471.0,0.0183,0.0,0
486,281476.0,0.0186,0.0,0
487,281482.0,0.22319999999999995,0.0,0
488,281504.0,0.0142,0.0,0
489,281599.0,0.0893,0.0,0
490,281825.0,0.1848,0.0,0
491,281862.0,0.34509999999999996,0.0,0
492,282188.0,0.1603,0.0,0
493,282594.0,0.18469999999999998,0.0,0
494,282659.0,0.0361,0.0,0
495,282765.0,0.1225,0.0,0
496,282927.0,0.0475,0.0,0
497,283018.0,0.0193,0.0,0
498,283084.0,0.18469999999999998,0.0,0
499,283846.0,0.1294,0.0,0
500,284251.0,0.028,0.0,0
501,284321.0,0.1836,0.0,0
502,284383.0,0.1836,0.0,0
503,285619.0,0.1836,0.0,0
504,285623.0,0.0474,0.0,0
505,285766.0,0.0388,0.0,0
506,286000.0,0.39970000000000006,0.0,0
507,286415.0,0.1834,0.0,0
508,286484.0,0.0474,0.0,0
509,286595.0,0.0821,0.0,0
510,286693.0,0.1547,0.0,0
511,286720.0,0.0303,0.0,0
512,286779.0,0.1441,0.0,0
513,287303.0,0.26549999999999996,0.0,0
514,287325.0,0.0177,0.0,0
515,287384.0,0.2655,0.0,0
516,288183.0,0.0731,0.0,0
517,290100.0,0.06799999999999995,0.0,0
518,290176.0,0.1053,0.0,0
519,290644.0,0.06659999999999999,0.0,0
520,291144.0,0.1411,0.0,0
521,291667.0,0.0666,0.0,0
522,291790.0,0.06659999999999999,0.0,0
523,292025.0,0.0666,0.0,0
524,292665.0,0.0676,0.0,0
525,293503.0,0.1411,0.0,0
526,294192.0,0.0887,0.0,0
527,294202.0,0.1772,0.0,0
528,294421.0,0.0473,0.0,0
529,295085.0,0.0211,0.0,0
530,295668.0,0.0345,0.0,0
531,296307.0,0.1756,0.0,0
532,296571.0,0.1751,0.0,0
533,298280.0,0.1052,0.0,0
534,299099.0,0.2017,0.0,0
535,299161.0,0.2017,0.0,0
536,299571.0,0.0106,0.011633810567735199,1
537,301497.0,0.0184,0.0,0
538,303922.0,0.0836,0.0,0
539,303979.0,0.0193,0.0,0
540,304182.0,0.3526,0.0,0
541,304183.0,0.1064,0.0,0
542,305102.0,0.028,0.0,0
543,305826.0,0.0107,0.0,0
544,306534.0,0.0111,0.0,0
545,307253.0,0.1156,0.0,0
546,308412.0,0.37,0.0,0
547,308487.0,0.37,-0.08373414723521785,1
548,308555.0,0.37,0.0,0
549,309465.0,0.021,0.0,0
550,310060.0,0.0377,0.0,0
551,310110.0,0.1564,0.0,0
552,310367.0,0.37,0.0,0
553,310437.0,0.3701,0.0,0
554,310460.0,0.4919,0.0,0
555,310725.0,0.3702,0.0,0
556,310863.0,0.36850000000000005,0.0,0
557,311441.0,0.0518,0.0,0
558,311448.0,0.0148,0.0,0
559,311469.0,0.49029999999999996,0.0,0
560,312585.0,0.3638,0.0,0
561,312630.0,0.3638,0.0,0
562,312733.0,0.3638,0.0,0
563,312886.0,0.3638,0.0,0
564,313969.0,0.1021,0.0,0
565,315197.0,0.37939999999999996,0.0,0
566,315208.0,0.164,0.0,0
567,315364.0,0.3794,0.0,0
568,316515.0,0.37929999999999997,0.0,0
569,316739.0,0.37929999999999997,0.0,0
570,316815.0,0.37929999999999997,0.0,0
571,317167.0,0.2153,0.0,0
572,317186.0,0.1021,0.0,0
573,317328.0,0.0191,0.0,0
574,317698.0,0.4746,0.0,0
575,318211.0,0.1021,0.053299011539382185,1
576,318578.0,0.494,0.0,0
577,319430.0,0.1546,0.0,0
578,319813.0,0.3592,0.0,0
579,320387.0,0.3074,0.0,0
580,321001.0,0.0184,0.0,0
581,321069.0,0.3074,0.0,0
582,321291.0,0.3074,0.0,0
583,321790.0,0.0256,0.0,0
584,322305.0,0.0464,0.0,0
585,322916.0,0.052,0.0,0
586,323137.0,0.0191,0.0,0
587,323772.0,0.1032,0.0,0
588,325920.0,0.0218,0.0,0
589,326131.0,0.3813,0.0,0
590,326763.0,0.2237,0.0,0
591,327657.0,0.3056,0.0,0
592,328387.0,0.4707,0.0,0
593,328978.0,0.0186,0.0,0
594,330525.0,0.0282,0.08008894456604577,1
595,331151.0,0.0115,0.0,0
596,331464.0,0.1147,0.0,0
597,331549.0,0.0218,0.0,0
598,331964.0,0.0634,0.0,0
599,333366.0,0.0778,0.0,0
600,333511.0,0.3388,0.0,0
601,334317.0,0.0103,0.0,0
602,334441.0,0.0115,-0.002689127540916025,1
603,334830.0,0.0337,0.0,0
604,335403.0,0.0898,0.0,0
605,335738.0,0.0218,0.0,0
606,335747.0,0.0214,0.0,0
607,337268.0,0.0337,0.0,0
608,337457.0,0.033,0.0,0
609,338570.0,0.0214,0.0,0
610,338753.0,0.0125,-0.018908127701969486,1
611,338790.0,0.1271,0.0,0
612,339150.0,0.1057,0.0,0
613,339386.0,0.0531,0.0,0
614,339414.0,0.0337,0.0,0
615,339824.0,0.0816,0.0,0
616,341869.0,0.0148,0.0,0
617,342732.0,0.0326,0.0,0
618,343538.0,0.0147,0.0,0
619,344473.0,0.1752,0.0,0
620,345104.0,0.1137,0.0,0
621,345321.0,0.4675,0.0,0
622,346267.0,0.0107,0.0,0
623,346396.0,0.4687,0.0,0
624,346556.0,0.0512,0.0,0
625,347261.0,0.1393,0.0,0
626,347711.0,0.4502,0.0,0
627,348471.0,0.0138,0.0,0
628,349227.0,0.0564,0.0,0
629,349688.0,0.0228,0.0,0
630,349940.0,0.4817,0.0,0
631,350104.0,0.0993,0.0,0
632,350416.0,0.4817,0.0,0
633,350514.0,0.4817,0.0,0
634,351612.0,0.2974,0.0,0
635,352567.0,0.0558,0.0,0
636,353310.0,0.2954,0.0,0
637,353790.0,0.0993,0.0,0
638,354482.0,0.0212,0.0,0
639,354960.0,0.0993,0.0,0
640,356198.0,0.1468,0.0,0
641,356532.0,0.089,0.0,0
642,356735.0,0.0142,0.0,0
643,357631.0,0.0442,0.0,0
644,357734.0,0.0185,0.0,0
645,358058.0,0.2142,0.0,0
646,358445.0,0.3003,0.03175754734072022,1
647,358535.0,0.0332,0.0,0
648,358928.0,0.0109,0.0,0
649,358968.0,0.0229,0.0,0
650,359371.0,0.0107,0.0,0
651,359386.0,0.0366,0.0,0
652,360166.0,0.482,0.0,0
653,361489.0,0.4823,0.0,0
654,361996.0,0.0148,0.0,0
655,365042.0,0.0914,0.0,0
656,365501.0,0.0266,0.0,0
657,365574.0,0.0855,0.0,0
658,365970.0,0.0127,0.0,0
659,366830.0,0.0872,0.0,0
660,368697.0,0.1524,0.0,0
661,368839.0,0.0196,0.0,0
662,369911.0,0.4838,0.0,0
663,371762.0,0.0529,0.0,0
664,371823.0,0.0319,0.0,0
665,371893.0,0.0119,0.0,0
666,371936.0,0.0363,0.0,0
667,371945.0,0.0131,0.0,0
668,372358.0,0.0426,0.0,0
669,372366.0,0.0736,0.0,0
670,372505.0,0.014,0.0,0
671,372640.0,0.4831,0.0,0
672,373830.0,0.0428,0.0,0
673,374209.0,0.1456,0.0,0
674,374577.0,0.0119,0.0,0
675,374776.0,0.0327,0.04913697555115288,1
676,375173.0,0.0363,0.0,0
677,375956.0,0.0854,0.0,0
678,376772.0,0.0481,0.0,0
679,377032.0,0.467,0.0,0
680,377248.0,0.467,0.0,0
681,377308.0,0.467,0.0,0
682,377695.0,0.3442,0.0,0
683,377753.0,0.46709999999999996,0.0,0
684,377826.0,0.4669,0.0,0
685,377915.0,0.2534,0.0,0
686,378565.0,0.0255,-0.04527395276800304,1
687,378796.0,0.402,0.0,0
688,380847.0,0.1905,0.0,0
689,381664.0,0.4029,0.0,0
690,382108.0,0.0189,0.0,0
691,382800.0,0.0155,0.0,0
692,382836.0,0.1072,0.0,0
693,383938.0,0.1157,0.0,0
694,383969.0,0.0107,0.0,0
695,384797.0,0.046,-0.05117487463109325,1
696,384957.0,0.0127,0.0,0
697,384991.0,0.0606,0.0,0
698,385036.0,0.0198,0.0,0
699,385416.0,0.0861,0.0,0
700,386965.0,0.0194,0.0,0
701,387766.0,0.07,0.0,0
702,387836.0,0.3707,0.0,0
703,387932.0,0.0368,0.0,0
704,388215.0,0.0215,0.0,0
705,388861.0,0.1691,0.0,0
706,390270.0,0.1307,0.0,0
707,390467.0,0.0606,0.0,0
708,390951.0,0.0606,0.0,0
709,392248.0,0.048699999999999966,0.0,0
710,392913.0,0.0125,0.0,0
711,393072.0,0.021,0.0,0
712,393450.0,0.048699999999999966,0.0,0
713,394334.0,0.1147,-0.06883430737781544,1
714,395425.0,0.0183,0.0,0
715,395473.0,0.0107,0.0,0
716,396868.0,0.2589,0.0,0
717,400168.0,0.0608,0.0,0
718,401448.0,0.2511,0.0,0
719,402222.0,0.1685,0.0,0
720,402367.0,0.0494,-0.02647463545319012,1
721,402571.0,0.0186,0.0,0
722,402657.0,0.0335,0.0,0
723,403144.0,0.0252,0.0,0
724,403208.0,0.0494,0.0,0
725,403321.0,0.0286,-0.0735403147251329,1
726,403792.0,0.23929999999999996,-0.040647054765516305,1
727,404654.0,0.0716,0.0,0
728,404747.0,0.0716,0.0,0
729,405316.0,0.0127,0.0,0
730,405836.0,0.1592,0.0,0
731,406347.0,0.0716,0.0,0
732,406967.0,0.2298,0.0,0
733,406988.0,0.2298,0.0,0
734,407805.0,0.1582,0.0,0
735,408148.0,0.021,0.0,0
736,408494.0,0.3038,0.0,0
737,409104.0,0.0685,0.0,0
738,409796.0,0.1437,0.0,0
739,410595.0,0.2236,0.0,0
740,411340.0,0.0327,0.0,0
741,412285.0,0.036,0.0,0
742,412481.0,0.0128,0.0,0
743,413559.0,0.045,0.0,0
744,414674.0,0.038,0.0,0
745,415188.0,0.07850000000000001,0.0,0
746,416700.0,0.1145,0.0,0
747,418188.0,0.0366,0.0,0
748,418497.0,0.0495,0.0,0
749,418914.0,0.4967,0.0,0
750,418936.0,0.0131,0.0,0
751,419934.0,0.115,0.0,0
752,420233.0,0.0204,0.0,0
753,421136.0,0.30110000000000003,0.0,0
754,421905.0,0.0365,0.0,0
755,422005.0,0.0365,0.0,0
756,422139.0,0.136,0.0,0
757,422588.0,0.30110000000000003,0.0,0
758,423630.0,0.0853,0.0,0
759,423655.0,0.2834,0.0,0
760,425732.0,0.115,0.0,0
761,425774.0,0.4647,0.0,0
762,426294.0,0.44120000000000004,0.01784355295747547,1
763,426766.0,0.1059,0.0,0
764,427147.0,0.4919,0.0,0
765,427410.0,0.0781,0.04175556229572893,1
766,429720.0,0.2837,0.0,0
767,429749.0,0.2837,0.0,0
768,429766.0,0.28369999999999995,0.0,0
769,431142.0,0.4931,0.0,0
770,431509.0,0.2912,0.0,0
771,431518.0,0.2912,0.0,0
772,431769.0,0.3266,0.0,0
773,432474.0,0.1326,0.0,0
774,432748.0,0.0133,-0.04106933396121931,1
775,433114.0,0.2978,0.0,0
776,433935.0,0.0163,0.0,0
777,435292.0,0.0326,0.0,0
778,435473.0,0.0111,0.0,0
779,435719.0,0.192,0.0,0
780,436187.0,0.2004,0.0,0
781,436305.0,0.0111,0.0,0
782,436495.0,0.2051,0.0,0
783,437521.0,0.0103,0.0,0
784,439248.0,0.23009999999999997,0.0,0
785,440116.0,0.2299,0.0,0
786,440157.0,0.2299,0.0,0
787,440375.0,0.0111,-0.003985910545319953,1
788,440688.0,0.1212,0.0,0
789,441903.0,0.0281,0.0,0
790,442526.0,0.2161,0.0,0
791,443495.0,0.0655,0.0,0
792,443593.0,0.1176,0.0,0
793,443886.0,0.0551,0.0,0
794,444538.0,0.0131,0.0,0
795,445229.0,0.0368,0.0,0
796,445495.0,0.2154,0.0,0
797,445555.0,0.0223,0.0,0
798,445618.0,0.0368,0.0,0
799,445970.0,0.0451,0.0,0
800,446599.0,0.0543,0.0,0
801,447276.0,0.3658,-0.051782687641290584,1
802,447601.0,0.0179,0.0,0
803,447757.0,0.2133,0.0,0
804,448212.0,0.1204,0.0,0
805,448806.0,0.0602,0.0,0
806,449723.0,0.1202,0.0,0
807,450339.0,0.0606,0.0,0
808,450553.0,0.1213,0.0,0
809,451039.0,0.1054,0.0,0
810,451286.0,0.1213,0.0,0
811,451468.0,0.0606,0.0,0
812,451513.0,0.1213,0.0,0
813,452817.0,0.0109,-0.030604839952990404,1
814,453870.0,0.0167,0.0,0
815,454576.0,0.0496,0.0,0
816,455584.0,0.0674,0.0,0
817,456216.0,0.0374,0.0,0
818,456247.0,0.0133,0.0,0
819,458160.0,0.0546,-0.007931741851934416,1
820,458910.0,0.3133,0.0,0
821,459252.0,0.0466,0.0,0
822,459478.0,0.11970000000000003,0.0,0
823,460301.0,0.0726,0.0,0
824,460345.0,0.0701,0.0,0
825,460867.0,0.0119,0.0,0
826,461339.0,0.0674,0.0,0
827,461843.0,0.1254,0.0,0
828,462019.0,0.0701,0.0,0
829,462965.0,0.0105,0.0,0
830,463587.0,0.0564,0.0,0
831,463663.0,0.0564,0.0,0
832,463726.0,0.0226,0.0,0
833,465138.0,0.2753,0.0,0
834,465812.0,0.2109,0.0,0
835,466258.0,0.0235,0.0,0
836,467104.0,0.2785,0.0,0
837,468551.0,0.2193,-0.019086894699916455,1
838,468741.0,0.0202,0.0,0
839,469281.0,0.0579,0.0,0
840,469583.0,0.016,0.0,0
841,470855.0,0.21409999999999996,0.0,0
842,471946.0,0.0203,0.0,0
843,472268.0,0.0125,0.0,0
844,472603.0,0.0825,0.0,0
845,474101.0,0.0382,0.0,0
846,474236.0,0.0866,0.0,0
847,474284.0,0.0857,0.0,0
848,474902.0,0.0572,0.0,0
849,475341.0,0.0486,0.0,0
850,475636.0,0.0188,0.0,0
851,476312.0,0.1315,0.0,0
852,476452.0,0.0776,0.0,0
853,476748.0,0.0487,0.0,0
854,477191.0,0.016,0.0,0
855,477293.0,0.3575,0.0,0
856,478871.0,0.0328,0.0,0
857,480025.0,0.0572,0.0,0
858,480233.0,0.2138,0.0,0
859,480350.0,0.0572,0.0,0
860,480660.0,0.0603,0.0,0
861,481286.0,0.0229,0.0,0
862,482938.0,0.0572,0.0,0
863,483028.0,0.2432,0.0,0
864,484161.0,0.068,0.0,0
865,484191.0,0.0512,0.0,0
866,484777.0,0.013,0.0,0
867,486060.0,0.4841,0.0,0
868,486431.0,0.41069999999999995,0.0,0
869,486938.0,0.3433,0.0,0
870,487434.0,0.41059999999999997,0.0,0
871,488705.0,0.0679,0.0,0
872,489217.0,0.1849,0.0,0
873,489833.0,0.4879,0.0,0
874,490293.0,0.02,0.0,0
875,490434.0,0.1849,0.0,0
876,490555.0,0.1849,0.0,0
877,491058.0,0.0678,-0.024315395453666545,1
878,491179.0,0.1849,0.0,0
879,491296.0,0.0676,0.0,0
880,493345.0,0.2902,0.0,0
881,493533.0,0.1232,0.0,0
882,493575.0,0.2236,0.0,0
883,493614.0,0.1433,0.0,0
884,494075.0,0.1193,0.0,0
885,494655.0,0.0278,0.0,0
886,494940.0,0.0777,0.0,0
887,495326.0,0.11929999999999996,0.0,0
888,495826.0,0.0223,0.0,0
889,496294.0,0.0751,0.0,0
890,496720.0,0.0751,0.0,0
891,496754.0,0.0751,0.0,0
892,496844.0,0.0101,0.0,0
893,496937.0,0.0237,0.0,0
894,497009.0,0.0223,-0.03626130322678766,1
895,497294.0,0.0521,0.006513726073644293,1
896,498448.0,0.027599999999999958,0.0,0
897,498764.0,0.0548,0.0,0
898,499057.0,0.4001,0.0,0
899,499152.0,0.0276,0.0,0
900,499206.0,0.4686,0.0,0
901,499683.0,0.0414,0.0,0
902,499985.0,0.0548,0.0,0
903,500252.0,0.0237,0.0,0
904,503386.0,0.0445,0.0,0
905,503483.0,0.1193,0.0,0
906,503486.0,0.1808,0.0,0
907,503530.0,0.012,0.0,0
908,503639.0,0.0414,0.0,0
909,504129.0,0.0401,0.0,0
910,504147.0,0.0414,0.0,0
911,504676.0,0.0843,0.0,0
912,505625.0,0.0276,0.0,0
913,505814.0,0.0276,0.0,0
914,505914.0,0.0276,0.0,0
915,505937.0,0.0716,0.0,0
916,505978.0,0.0212,0.0,0
917,506595.0,0.1912,0.0,0
918,509423.0,0.1911,0.0,0
919,509636.0,0.0588,0.0,0
920,510242.0,0.0755,0.0,0
921,510571.0,0.0748,0.0,0
922,510794.0,0.0134,0.0,0
923,511230.0,0.012,0.0,0
924,511455.0,0.1947,0.0,0
925,512206.0,0.0222,0.0,0
926,512840.0,0.0555,0.0,0
927,512882.0,0.0118,0.0,0
928,513335.0,0.013,0.0,0
929,513784.0,0.22330000000000005,0.0,0
930,514272.0,0.22330000000000005,0.0,0
931,514674.0,0.3192,0.0,0
932,514714.0,0.0894,0.0,0
933,516559.0,0.19069999999999998,0.0,0
934,516884.0,0.1907,0.0,0
935,516988.0,0.1907,0.0,0
936,517071.0,0.19069999999999998,-0.01111113485493867,1
937,517347.0,0.3405,0.0,0
938,517639.0,0.1891,0.0,0
939,517726.0,0.1891,0.0,0
940,517917.0,0.0934,0.0,0
941,518166.0,0.0446,0.0,0
942,518301.0,0.1777,0.0,0
943,519101.0,0.1683,0.0,0
944,519696.0,0.3431,0.0,0
945,520696.0,0.3412,0.0,0
946,521056.0,0.0755,0.0,0
947,521146.0,0.0632,0.0,0
948,522818.0,0.0238,0.0,0
949,523947.0,0.4607,0.0,0
950,524530.0,0.0169,0.0,0
951,525501.0,0.2059,0.0,0
952,525960.0,0.46030000000000004,0.0,0
953,526087.0,0.0646,0.0,0
954,526800.0,0.0138,0.0,0
955,527189.0,0.4603,0.0,0
956,527345.0,0.1516,0.0,0
957,527346.0,0.0747,0.0,0
958,527519.0,0.0158,0.0,0
959,527764.0,0.46040000000000003,0.0,0
960,527803.0,0.46040000000000003,0.0,0
961,528016.0,0.1347,0.0,0
962,530063.0,0.0119,0.0,0
963,530493.0,0.0908,0.0,0
964,530665.0,0.0178,0.0,0
965,530737.0,0.47340000000000004,0.0,0
966,530827.0,0.2613,0.0,0
967,531183.0,0.47340000000000004,0.0,0
968,531640.0,0.2121,0.0,0
969,531700.0,0.0681,0.0,0
970,532358.0,0.0347,0.0,0
971,533734.0,0.0133,0.0,0
972,533756.0,0.0484,0.0,0
973,533825.0,0.0798,0.0,0
974,534141.0,0.0486,0.0,0
975,535498.0,0.19240000000000002,0.0,0
976,535777.0,0.0572,0.0,0
977,535852.0,0.2379,0.0,0
978,535971.0,0.1737,0.0,0
979,536902.0,0.0539,0.0,0
980,537165.0,0.0145,0.0,0
981,537362.0,0.171,0.0,0
982,537800.0,0.0739,0.0,0
983,538710.0,0.0426,0.0,0
984,538946.0,0.0362,0.0,0
985,540332.0,0.0163,0.0,0
986,540570.0,0.1223,0.0,0
987,542063.0,0.1733,0.0,0
988,542588.0,0.1,0.0,0
989,543080.0,0.13890000000000002,0.0,0
990,544533.0,0.0358,0.0,0
991,544580.0,0.1301,0.0,0
992,545252.0,0.1231,0.0,0
993,545438.0,0.04,0.0,0
994,545483.0,0.1221,0.0,0
995,546854.0,0.0223,0.0,0
996,547931.0,0.0338,0.0,0
997,548931.0,0.0223,0.0,0
998,549134.0,0.0211,0.0,0
999,549214.0,0.038799999999999946,0.0,0
1000,549933.0,0.038799999999999946,0.0,0
1001,550056.0,0.0211,0.0,0
1002,551949.0,0.026800000000000046,0.0,0
1003,552270.0,0.015,0.0,0
1004,553022.0,0.0268,0.0,0
1005,553419.0,0.06,0.0,0
1006,553724.0,0.0303,0.0,0
1007,553863.0,0.0268,0.0,0
1008,555116.0,0.0268,0.0,0
1009,555637.0,0.0983,0.0,0
1010,555832.0,0.1734,0.0,0
1011,555877.0,0.4931,0.0,0
1012,556165.0,0.1605,0.0,0
1013,556773.0,0.1005,0.0,0
1014,557536.0,0.0273,0.0,0
1015,558111.0,0.1605,0.0,0
1016,558198.0,0.0986,0.0,0
1017,558490.0,0.0986,0.0,0
1018,558699.0,0.1432,0.0,0
1019,559778.0,0.4447,0.0,0
1020,563012.0,0.0117,0.0,0
1021,565132.0,0.2019,0.0,0
1022,565699.0,0.1037,0.0,0
1023,566733.0,0.0223,0.1456931233003665,1
1024,567343.0,0.1271,0.0,0
1025,567621.0,0.0378,0.0,0
1026,567935.0,0.4699,0.0,0
1027,568661.0,0.111,0.0,0
1028,569233.0,0.3279,0.0,0
1029,569476.0,0.0235,0.0,0
1030,570007.0,0.0751,0.0,0
1031,571089.0,0.10350000000000004,0.0,0
1032,571310.0,0.2587,0.0,0
1033,571543.0,0.2933,0.0,0
1034,571600.0,0.0192,-0.02970749778483972,1
1035,573260.0,0.3439,0.0,0
1036,573504.0,0.17930000000000001,-0.033096297053332564,1
1037,574184.0,0.1754,0.0,0
1038,574510.0,0.17400000000000004,0.0,0
1039,574519.0,0.174,0.0,0
1040,575074.0,0.17400000000000004,0.0,0
1041,575154.0,0.174,0.0,0
1042,575421.0,0.1167,0.0,0
1043,576449.0,0.0687,0.0,0
1044,576778.0,0.3439,0.0,0
1045,578185.0,0.0293,0.0,0
1046,578288.0,0.0115,0.0,0
1047,579580.0,0.121,0.0,0
1048,580104.0,0.3881,0.0,0
1049,581713.0,0.2386,0.0,0
1050,582204.0,0.067,0.0,0
1051,583967.0,0.0274,0.0,0
1052,584139.0,0.17889999999999995,0.0,0
1053,584381.0,0.0711,0.0,0
1054,584385.0,0.2367,0.0,0
1055,584472.0,0.2157,0.0,0
1056,584963.0,0.0274,0.0,0
1057,586489.0,0.16249999999999998,0.0,0
1058,587885.0,0.0255,0.0,0
1059,589953.0,0.1906,0.0,0
1060,590256.0,0.0383,0.0,0
1061,591264.0,0.0405,0.0,0
1062,591485.0,0.1731,0.0,0
1063,593297.0,0.0405,0.0,0
1064,593454.0,0.0477,0.0,0
1065,594013.0,0.1823,0.0,0
1066,595254.0,0.096,0.0,0
1067,595399.0,0.0129,0.0,0
1068,596306.0,0.024,0.0,0
1069,597288.0,0.1654,0.0,0
1070,597339.0,0.19399999999999995,0.0,0
1071,598053.0,0.0108,0.0,0
1072,598171.0,0.2429,0.0,0
1073,598320.0,0.2429,0.0,0
1074,599137.0,0.0172,0.0,0
1075,599159.0,0.0111,0.0,0
1076,599618.0,0.2318,0.0,0
1077,599735.0,0.2318,0.0,0
1078,600800.0,0.46499999999999997,0.0,0
1079,601162.0,0.0647,0.0,0
1080,601178.0,0.4646,0.0,0
1081,602637.0,0.0255,0.0,0
1082,602970.0,0.23160000000000003,0.0,0
1083,602982.0,0.0157,0.0,0
1084,603275.0,0.4773,0.0,0
1085,604910.0,0.0266,0.0,0
1086,605247.0,0.0125,0.0,0
1087,605517.0,0.0324,0.0,0
1088,606180.0,0.1987,0.0,0
1089,606538.0,0.0501,0.0,0
1090,608815.0,0.0773,0.0,0
1091,608900.0,0.0266,0.0,0
1092,609246.0,0.014,0.0,0
1093,609820.0,0.0773,0.0,0
1094,610558.0,0.2081,0.0,0
1095,612145.0,0.0259,0.0,0
1096,612900.0,0.3209,0.0,0
1097,613397.0,0.44689999999999996,0.0,0
1098,614654.0,0.0244,0.0,0
1099,616362.0,0.2633,0.0,0
1100,617665.0,0.0176,0.0,0
1101,619394.0,0.4557,0.0,0
1102,620105.0,0.0247,0.0,0
1103,620127.0,0.4557,0.0,0
1104,620279.0,0.46519999999999995,-0.04947690600159321,1
1105,621330.0,0.44830000000000003,0.0,0
1106,621932.0,0.44830000000000003,0.0,0
1107,623034.0,0.0247,-0.0482558381116186,1
1108,623248.0,0.1765,0.0,0
1109,624341.0,0.445,0.0,0
1110,625383.0,0.0266,0.0,0
1111,625749.0,0.0243,-0.004924274225471181,1
1112,626920.0,0.0238,0.0,0
1113,628819.0,0.2098,0.0,0
1114,628925.0,0.0216,0.0,0
1115,629057.0,0.0929,0.0,0
1116,629183.0,0.2098,0.0,0
1117,629556.0,0.1096,0.0,0
1118,629576.0,0.0199,0.0,0
1119,633017.0,0.211,0.0,0
1120,636241.0,0.1149,-0.024964779926957604,1
1121,636659.0,0.0431,0.0,0
1122,636823.0,0.0179,0.0,0
1123,637141.0,0.48450000000000004,0.0,0
1124,637265.0,0.2319,0.0,0
1125,637997.0,0.2319,0.0,0
1126,638103.0,0.4073,0.0,0
1127,638317.0,0.0211,0.0,0
1128,639099.0,0.0218,0.0,0
1129,640438.0,0.24309999999999998,0.0,0
1130,640440.0,0.2431,0.0,0
1131,641399.0,0.1538,0.0,0
1132,642184.0,0.438,0.0,0
1133,642338.0,0.2036,0.0,0
1134,642368.0,0.1381,0.0,0
1135,642913.0,0.29200000000000004,0.0,0
1136,642995.0,0.292,-0.05077895406037708,1
1137,643394.0,0.2753,0.0,0
1138,643407.0,0.2994,0.0,0
1139,643446.0,0.2994,0.0,0
1140,643591.0,0.2994,0.0,0
1141,643873.0,0.0171,0.0,0
1142,644330.0,0.3006,0.0,0
1143,644453.0,0.4242,0.0,0
1144,644603.0,0.3006,0.019988711336171833,1
1145,645066.0,0.2887,0.0,0
1146,645276.0,0.1805,0.0,0
1147,645990.0,0.4396,0.0,0
1148,646062.0,0.28879999999999995,0.0,0
1149,647244.0,0.27090000000000003,0.0,0
1150,648106.0,0.0175,0.0,0
1151,649720.0,0.1343,0.0,0
1152,650751.0,0.0119,0.0,0
1153,651288.0,0.019,0.0,0
1154,651372.0,0.0362,0.0,0
1155,651421.0,0.0213,0.0,0
1156,651947.0,0.3785,0.0,0
1157,652640.0,0.0864,0.0,0
1158,652924.0,0.0162,0.0,0
1159,653307.0,0.0101,0.0,0
1160,653380.0,0.0294,0.0,0
1161,653641.0,0.016199999999999992,0.0,0
1162,655635.0,0.0116,0.0,0
1163,656580.0,0.0293,0.0,0
1164,658027.0,0.3874,0.0,0
1165,658430.0,0.397,0.0,0
1166,659329.0,0.0208,0.0,0
1167,660103.0,0.3173,0.0,0
1168,660439.0,0.4104,0.0,0
1169,661091.0,0.0168,0.0,0
1170,661787.0,0.43079999999999996,0.0,0
1171,663479.0,0.052,0.0,0
1172,663991.0,0.3848,-0.02076786300898427,1
1173,664364.0,0.0168,0.0,0
1174,664959.0,0.0168,0.0,0
1175,665818.0,0.0167,0.0,0
1176,665910.0,0.4749,0.0,0
1177,666238.0,0.0136,0.0,0
1178,666243.0,0.0219,0.0,0
1179,669267.0,0.0519,0.0,0
1180,671864.0,0.3724,0.0,0
1181,672407.0,0.0283,0.0,0
1182,673151.0,0.08189999999999997,0.0,0
1183,674075.0,0.45430000000000004,0.0,0
1184,674405.0,0.0283,0.0,0
1185,675121.0,0.0162,0.0,0
1186,676633.0,0.0283,0.0,0
1187,676867.0,0.0292,0.0,0
1188,677527.0,0.226,0.0,0
1189,677540.0,0.1813,0.0,0
1190,677961.0,0.1456,0.0,0
1191,677991.0,0.017,0.0,0
1192,678109.0,0.4573,0.0,0
1193,678270.0,0.2449,0.0,0
1194,678822.0,0.0381,0.0,0
1195,679001.0,0.0284,0.0,0
1196,679240.0,0.0283,0.0,0
1197,680962.0,0.029,0.0,0
1198,681748.0,0.1773,0.0,0
1199,682465.0,0.27259999999999995,0.0,0
1200,682499.0,0.029,0.0,0
1201,683156.0,0.0242,0.0,0
1202,683493.0,0.27259999999999995,0.0,0
1203,683882.0,0.012,0.0,0
1204,684153.0,0.4617,0.0,0
1205,685644.0,0.1772,0.0,0
1206,686152.0,0.0296,0.0,0
1207,686765.0,0.2185,0.0,0
1208,686994.0,0.2279,0.0,0
1209,687466.0,0.0242,0.0,0
1210,688456.0,0.08360000000000001,0.0,0
1211,688959.0,0.4171,0.0,0
1212,689205.0,0.2102,0.0,0
1213,690539.0,0.0622,-0.06613498061772012,1
1214,691686.0,0.4561,0.0,0
1215,692062.0,0.0281,0.0,0
1216,692115.0,0.0297,0.0,0
1217,694920.0,0.0162,0.0,0
1218,697136.0,0.0653,0.003606475385693476,1
1219,698590.0,0.1772,0.0,0
1220,698772.0,0.0173,0.0,0
1221,701856.0,0.3053,0.0,0
1222,702540.0,0.0135,0.03326925544863931,1
1223,702893.0,0.016,0.0,0
1224,702938.0,0.0135,-0.0194904901577884,1
1225,703524.0,0.1925,0.0,0
1226,703594.0,0.0135,0.0,0
1227,703769.0,0.0203,0.0,0
1228,704127.0,0.2636,0.0,0
1229,704703.0,0.2116,0.024037332945295448,1
1230,704766.0,0.3001,0.0,0
1231,704943.0,0.3001,0.0,0
1232,705866.0,0.1964,0.0,0
1233,707242.0,0.0108,0.0,0
1234,707856.0,0.1424,0.0,0
1235,708937.0,0.3246,0.0,0
1236,710255.0,0.3246,0.0,0
1237,711275.0,0.3173,0.0,0
1238,711540.0,0.3173,0.0,0
1239,713694.0,0.3162,-0.011967781373651214,1
1240,715122.0,0.2573,0.0,0
1241,716938.0,0.1718,0.0,0
1242,717658.0,0.0121,0.0,0
1243,718607.0,0.0182,0.0,0
1244,719191.0,0.1095,0.0,0
1245,719880.0,0.0265,0.0,0
1246,721341.0,0.0226,0.0,0
1247,722074.0,0.0108,0.0,0
1248,722333.0,0.0227,0.0,0
1249,722391.0,0.0528,0.0,0
1250,722436.0,0.0276,0.0,0
1251,723975.0,0.0368,0.0,0
1252,723992.0,0.0235,0.0,0
1253,725547.0,0.1521,0.0,0
1254,726329.0,0.12380000000000002,0.015675692372509764,1
1255,726760.0,0.12380000000000002,0.0,0
1256,727147.0,0.4312,0.0,0
1257,727420.0,0.2135,0.0,0
1258,728942.0,0.0136,0.0,0
1259,729554.0,0.2038,0.0,0
1260,729757.0,0.1977,0.0,0
1261,730298.0,0.1491,0.0,0
1262,730771.0,0.2017,0.0,0
1263,730869.0,0.2017,0.0,0
1264,731125.0,0.0108,0.0,0
1265,731158.0,0.02,0.0,0
1266,731839.0,0.0279,0.0,0
1267,732033.0,0.2306,0.0,0
1268,732428.0,0.2015,-0.10660231403656546,1
1269,732731.0,0.0343,0.0,0
1270,733943.0,0.2015,0.0,0
1271,734791.0,0.372,0.0,0
1272,738174.0,0.3181,0.0,0
1273,738998.0,0.0637,0.0,0
1274,739860.0,0.3021,0.0,0
1275,740599.0,0.1034,0.0,0
1276,741594.0,0.01,0.0,0
1277,747055.0,0.4672,0.0,0
1278,747685.0,0.1118,0.0,0
1279,747780.0,0.42200000000000004,0.0,0
1280,748878.0,0.2647,0.0,0
1281,749128.0,0.43999999999999995,0.0,0
1282,750287.0,0.0117,0.0,0
1283,750911.0,0.0125,0.0,0
1284,753476.0,0.0702,0.0,0
1285,753635.0,0.41259999999999997,0.0,0
1286,753639.0,0.2079,0.0,0
1287,755685.0,0.08,0.0,0
1288,755719.0,0.40080000000000005,0.0,0
1289,756100.0,0.3259,0.0,0
1290,757186.0,0.3258,0.0,0
1291,757240.0,0.047,0.0,0
1292,757257.0,0.0799,0.0,0
1293,758045.0,0.0446,0.0,0
1294,758140.0,0.1371,0.0,0
1295,758620.0,0.0348,0.0,0
1296,759174.0,0.21689999999999998,0.0,0
1297,759502.0,0.384,0.0,0
1298,759668.0,0.0332,0.0,0
1299,759896.0,0.047,0.0,0
1300,761122.0,0.3131,0.0,0
1301,761176.0,0.4314,0.0,0
1302,761282.0,0.047,0.0,0
1303,761949.0,0.31810000000000005,0.0,0
1304,763223.0,0.0283,0.0,0
1305,763349.0,0.1432,0.0,0
1306,763404.0,0.1432,0.0,0
1307,763412.0,0.0997,0.0,0
1308,763846.0,0.4622,0.0,0
1309,765304.0,0.3216,0.0,0
1310,766482.0,0.4581,0.0,0
1311,767172.0,0.45820000000000005,0.0,0
1312,767390.0,0.3878,0.0,0
1313,767685.0,0.0895,0.0731651445609781,1
1314,768482.0,0.38780000000000003,0.0,0
1315,768815.0,0.013,0.0,0
1316,768996.0,0.0128,0.0,0
1317,770217.0,0.1938,0.0,0
1318,770378.0,0.1938,0.0,0
1319,772023.0,0.1938,0.0,0
1320,774158.0,0.0959,0.0,0
1321,774522.0,0.1832,0.0,0
1322,774578.0,0.1855,0.0,0
1323,776641.0,0.0532,0.09983654458458933,1
1324,777419.0,0.3732,0.0,0
1325,777645.0,0.1877,0.0,0
1326,778236.0,0.0562,0.0,0
1327,778251.0,0.3733,0.0,0
1328,778506.0,0.3733,0.0,0
1329,779015.0,0.0452,0.0,0
1330,779161.0,0.1856,0.0,0
1331,779973.0,0.1863,0.0,0
1332,780690.0,0.0395,0.0,0
1333,781196.0,0.3893,0.0,0
1334,781211.0,0.1908,0.0,0
1335,781832.0,0.028,0.0,0
1336,782667.0,0.1862,0.0,0
1337,782739.0,0.385,0.0,0
1338,782870.0,0.0105,0.0,0
1339,783349.0,0.0158,-0.017813198553071296,1
1340,783754.0,0.385,0.0,0
1341,783963.0,0.0146,0.0,0
1342,784456.0,0.385,-0.07230289271942274,1
1343,785059.0,0.0146,0.0,0
1344,785336.0,0.1097,0.0,0
1345,785658.0,0.0141,0.0,0
1346,785709.0,0.1912,0.0,0
1347,785942.0,0.3892,0.0,0
1348,786319.0,0.2202,0.0,0
1349,786556.0,0.2767,0.0,0
1350,787557.0,0.0119,0.0,0
1351,787812.0,0.3145,0.0,0
1352,788310.0,0.4632,0.0,0
1353,790246.0,0.0712,0.0,0
1354,790626.0,0.0249,0.0,0
1355,791127.0,0.0503,0.0,0
1356,792347.0,0.1255,0.0,0
1357,792746.0,0.4628,0.0,0
1358,795110.0,0.0146,0.0,0
1359,795346.0,0.2852,0.0,0
1360,796157.0,0.0129,0.0,0
1361,798494.0,0.2908,-0.05943815271614255,1
1362,798580.0,0.0129,0.0,0
1363,798671.0,0.0159,0.0,0
1364,798929.0,0.2908,0.0,0
1365,799675.0,0.0223,0.0,0
1366,799880.0,0.1464,0.0,0
1367,799958.0,0.0495,0.0,0
1368,800999.0,0.0102,0.0,0
1369,801931.0,0.2411,0.0,0
1370,802802.0,0.0125,0.0,0
1371,808335.0,0.1996,0.0,0
1372,808428.0,0.011,0.0,0
1373,811440.0,0.0129,0.0,0
1374,812211.0,0.0192,0.0,0
1375,813223.0,0.0231,0.0,0
1376,814243.0,0.2061,0.0,0
1377,814462.0,0.0231,0.0,0
1378,815247.0,0.013,0.0,0
1379,816455.0,0.0218,0.0,0
1380,817589.0,0.0129,0.0,0
1381,817839.0,0.02310000000000001,0.0,0
1382,818363.0,0.02310000000000001,0.0,0
1383,818865.0,0.0224,0.0,0
1384,819218.0,0.022399999999999975,0.0,0
1385,820189.0,0.03539999999999999,0.0,0
1386,820216.0,0.0354,0.0,0
1387,820876.0,0.0324,-0.023470117010136196,1
1388,820945.0,0.0129,0.0,0
1389,821995.0,0.0499,0.0,0
1390,822075.0,0.0122,0.0,0
1391,822450.0,0.0502,0.0,0
1392,823114.0,0.05010000000000003,0.0,0
1393,824347.0,0.05469999999999997,0.0,0
1394,825339.0,0.05469999999999997,0.0,0
1395,825726.0,0.0547,0.0,0
1396,826678.0,0.0121,0.0,0
1397,827516.0,0.05459999999999998,0.0,0
1398,827592.0,0.0106,0.0,0
1399,827764.0,0.05459999999999998,0.0,0
1400,828160.0,0.24209999999999998,0.0,0
1401,828183.0,0.050000000000000044,0.0,0
1402,828395.0,0.05,0.0,0
1403,828848.0,0.050000000000000044,0.0,0
1404,828861.0,0.11,0.0,0
1405,829311.0,0.050000000000000044,0.0,0
1406,829942.0,0.1988,0.0,0
1407,830150.0,0.0228,0.0,0
1408,830504.0,0.0264,0.0,0
1409,830822.0,0.1988,0.0,0
1410,830860.0,0.0228,0.0,0
1411,830912.0,0.0199,0.0,0
1412,831445.0,0.1988,0.0,0
1413,833670.0,0.0209,0.0,0
1414,833893.0,0.35450000000000004,0.0,0
1415,834509.0,0.4186,0.0,0
1416,837749.0,0.1976,0.0,0
1417,838012.0,0.0259,0.0,0
1418,838129.0,0.0169,0.0,0
1419,838458.0,0.0234,0.0,0
1420,838571.0,0.0122,0.0,0
1421,840105.0,0.1568,0.0,0
1422,841282.0,0.0422,0.0,0
1423,842827.0,0.3876,0.0,0
1424,842916.0,0.3876,0.0,0
1425,845081.0,0.0369,0.0,0
1426,845518.0,0.3333,0.0,0
1427,846591.0,0.43220000000000003,0.0,0
1428,847271.0,0.0223,0.0,0
1429,847278.0,0.4322,0.0,0
1430,847667.0,0.0102,0.0,0
1431,847924.0,0.0223,0.0,0
1432,848722.0,0.14390000000000003,0.0,0
1433,848964.0,0.1439,-0.04986234138007409,1
1434,849200.0,0.14390000000000003,0.0,0
1435,849362.0,0.14390000000000003,0.0,0
1436,849591.0,0.0127,0.0,0
1437,849614.0,0.1439,0.0,0
1438,850154.0,0.1439,0.0,0
1439,850334.0,0.0102,0.0,0
1440,850402.0,0.1439,0.0,0
1441,850432.0,0.3347,0.0,0
1442,853815.0,0.0102,0.0,0
1443,856367.0,0.0107,0.0,0
1444,859025.0,0.0127,0.0,0
1445,859315.0,0.1479,0.0,0
1446,860127.0,0.04159999999999997,0.0,0
1447,860235.0,0.0292,0.0,0
1448,860238.0,0.0416,0.0,0
1449,860346.0,0.0416,0.0,0
1450,860689.0,0.0416,0.0,0
1451,861084.0,0.0416,0.0,0
1452,861808.0,0.0505,0.0,0
1453,861982.0,0.04159999999999997,0.0,0
1454,862328.0,0.0416,0.00785242837226723,1
1455,862635.0,0.04159999999999997,0.0,0
1456,863054.0,0.3149,0.0,0
1457,864400.0,0.0311,0.0,0
1458,864542.0,0.0102,0.0,0
1459,867684.0,0.03080000000000005,0.0,0
1460,868007.0,0.0517,0.0,0
1461,868347.0,0.0251,0.0,0
1462,868506.0,0.0347,0.0,0
1463,869339.0,0.0308,0.0,0
1464,870424.0,0.4519,0.0,0
1465,870564.0,0.45199999999999996,0.0,0
1466,870686.0,0.452,0.0,0
1467,871419.0,0.4642,0.0,0
1468,872505.0,0.0193,0.0,0
1469,874439.0,0.0435,0.0,0
1470,875052.0,0.0435,0.0,0
1471,875594.0,0.1921,0.0,0
1472,875796.0,0.0435,0.0,0
1473,877569.0,0.0169,0.0,0
1474,878677.0,0.40859999999999996,0.0,0
1475,879581.0,0.0289,0.0,0
1476,880166.0,0.0108,0.0,0
1477,880448.0,0.0449,0.0,0
1478,880518.0,0.3355,0.0,0
1479,881905.0,0.0298,0.0,0
1480,882450.0,0.0112,0.0,0
1481,882551.0,0.1045,0.0,0
1482,883150.0,0.0349,0.0,0
1483,883673.0,0.1082,0.0,0
1484,883881.0,0.0298,0.0,0
1485,883941.0,0.4407,0.0,0
1486,884080.0,0.4407,0.008963781747815808,1
1487,886559.0,0.0278,0.0,0
1488,886681.0,0.1295,0.0,0
1489,886698.0,0.0122,0.0,0
1490,887213.0,0.0424,0.0,0
1491,887292.0,0.405,0.011886780116613895,1
1492,887796.0,0.0656,0.0,0
1493,888213.0,0.0656,0.0,0
1494,888352.0,0.3005,0.0,0
1495,888602.0,0.1178,0.0,0
1496,889022.0,0.0209,0.0,0
1497,889531.0,0.1292,0.0,0
1498,890015.0,0.37560000000000004,0.0,0
1499,890107.0,0.2578,0.0,0
1500,890269.0,0.0424,0.0,0
1501,890291.0,0.3571,0.0,0
1502,890514.0,0.3571,0.0,0
1503,890582.0,0.3571,0.0,0
1504,890805.0,0.3571,0.0,0
1505,891095.0,0.3571,0.0,0
1506,891123.0,0.3571,0.0,0
1507,891595.0,0.3571,0.0,0
1508,892769.0,0.0424,0.0,0
1509,892849.0,0.2386,0.0,0
1510,893298.0,0.0684,0.0,0
1511,893333.0,0.0143,0.0,0
1512,893494.0,0.42000000000000004,0.0,0
1513,894686.0,0.39280000000000004,0.08839649567899416,1
1514,897729.0,0.1075,0.0,0
1515,898579.0,0.0424,0.0,0
1516,900482.0,0.0424,0.0,0
1517,900721.0,0.1722,0.0,0
1518,902493.0,0.0309,0.0,0
1519,903317.0,0.0232,0.0,0
1520,906423.0,0.1192,0.0,0
1521,908527.0,0.0155,0.0,0
1522,909055.0,0.2666,0.0,0
1523,910855.0,0.0133,0.0,0
1524,911271.0,0.0169,0.0,0
1525,911377.0,0.0145,0.0,0
1526,913684.0,0.0209,0.0,0
1527,914830.0,0.1854,0.0,0
1528,914863.0,0.2763,0.0,0
1529,914933.0,0.0885,0.0,0
1530,914975.0,0.0571,0.0,0
1531,914980.0,0.0448,0.0,0
1532,915696.0,0.0232,0.0,0
1533,917256.0,0.0158,0.0,0
1534,917587.0,0.0645,0.0,0
1535,918142.0,0.0279,0.0,0
1536,920195.0,0.0232,0.0,0
1537,922421.0,0.0828,0.0,0
1538,923386.0,0.4992,0.0,0
1539,923502.0,0.0223,0.0,0
1540,923928.0,0.0388,0.0,0
1541,924620.0,0.0163,0.0,0
1542,925170.0,0.0105,0.0,0
1543,925208.0,0.2581,0.0,0
1544,925806.0,0.0569,0.0,0
1545,925836.0,0.0449,0.0,0
1546,926276.0,0.0828,0.0,0
1547,926303.0,0.0625,0.0,0
1548,926450.0,0.0625,0.0,0
1549,926875.0,0.0625,0.0,0
1550,927025.0,0.1853,0.0,0
1551,927896.0,0.0251,0.0,0
1552,927965.0,0.0678,0.0,0
1553,928030.0,0.0625,-0.031987576637487386,1
1554,928419.0,0.0838,0.0,0
1555,929043.0,0.0291,0.0,0
1556,929531.0,0.0657,0.0,0
1557,931440.0,0.0625,0.0,0
1558,931855.0,0.2494,0.0,0
1559,933155.0,0.0208,0.0,0
1560,933627.0,0.0623,0.0,0
1561,934465.0,0.0102,0.001092607276172144,1
1562,935580.0,0.0206,0.0,0
1563,935655.0,0.284,0.0,0
1564,936932.0,0.0397,0.0,0
1565,936998.0,0.0513,0.0,0
1566,937732.0,0.2712,0.0,0
1567,938254.0,0.055,0.0,0
1568,939831.0,0.0142,0.0,0
1569,940258.0,0.2889,0.0,0
1570,940383.0,0.0397,0.0,0
1571,940551.0,0.0513,0.0,0
1572,940640.0,0.0311,0.0,0
1573,940772.0,0.0532,0.0,0
1574,941193.0,0.0764,0.0,0
1575,941292.0,0.0131,0.0,0
1576,942148.0,0.2794,0.0,0
1577,943103.0,0.0232,0.0,0
1578,943689.0,0.047,0.06795937876202184,1
1579,943810.0,0.0294,0.0,0
1580,947056.0,0.0276,0.0,0
1581,948766.0,0.0407,0.0,0
1582,948960.0,0.1099,0.0,0
1583,949941.0,0.0391,0.0,0
1584,951195.0,0.0551,0.0,0
1585,954775.0,0.0822,0.0,0
1586,954927.0,0.0357,0.0,0
1587,956287.0,0.0519,0.0,0
1588,956928.0,0.0519,0.0,0
1589,957717.0,0.035,0.0,0
1590,957960.0,0.0289,0.022326558801497205,1
1591,958342.0,0.4112,0.0,0
1592,958857.0,0.44689999999999996,0.0,0
1593,958865.0,0.035,0.0,0
1594,958932.0,0.0822,0.0,0
1595,959059.0,0.0357,0.0,0
1596,960189.0,0.1238,0.0,0
1597,960235.0,0.0822,0.0,0
1598,961305.0,0.3465,0.0,0
1599,962236.0,0.1165,0.0,0
1600,964276.0,0.0724,0.0,0
1601,964781.0,0.0358,0.0,0
1602,965314.0,0.0398,0.0,0
1603,965820.0,0.0224,0.0,0
1604,966050.0,0.0358,-0.059247188320851234,1
1605,966118.0,0.3558,0.0,0
1606,966446.0,0.035,0.0,0
1607,966467.0,0.0748,0.0,0
1608,966559.0,0.0913,0.0,0
1609,966884.0,0.1774,0.0,0
1610,967479.0,0.0398,0.0,0
1611,968205.0,0.035,0.0,0
1612,968715.0,0.07479999999999998,0.0,0
1613,970824.0,0.2327,0.0,0
1614,971018.0,0.0363,0.0,0
1615,971365.0,0.23260000000000003,0.0,0
1616,971471.0,0.23260000000000003,0.0,0
1617,971906.0,0.23250000000000004,0.0,0
1618,972220.0,0.0394,0.0,0
1619,973133.0,0.0423,0.0,0
1620,973416.0,0.0685,0.0,0
1621,974733.0,0.0359,0.0,0
1622,976984.0,0.03590000000000004,0.0,0
1623,977121.0,0.0599,0.0,0
1624,978302.0,0.1688,0.0,0
1625,978719.0,0.203,0.0,0
1626,978739.0,0.03590000000000004,0.02072047166379982,1
1627,978810.0,0.0271,0.0,0
1628,979337.0,0.0142,0.0,0
1629,979682.0,0.03590000000000004,0.0,0
1630,979685.0,0.0359,0.0,0
1631,979780.0,0.03590000000000004,0.0,0
1632,979981.0,0.0359,-0.02116491560220769,1
1633,980342.0,0.0451,0.0,0
1634,980381.0,0.0359,0.0,0
1635,980420.0,0.03590000000000004,0.0,0
1636,980433.0,0.03590000000000004,0.0,0
1637,980809.0,0.03590000000000004,0.0,0
1638,980812.0,0.0277,0.0,0
1639,980868.0,0.0247,0.0,0
1640,981495.0,0.022,0.0,0
1641,981829.0,0.0138,0.0,0
1642,983349.0,0.0321,0.0,0
1643,984344.0,0.0106,0.0,0
1644,984409.0,0.0893,0.0,0
1645,985345.0,0.035,0.0,0
1646,989334.0,0.023700000000000054,0.0,0
1647,990094.0,0.0237,0.0,0
1648,990658.0,0.0237,0.0,0
1649,991074.0,0.0651,0.0,0
1650,991469.0,0.0828,0.0,0
1651,991509.0,0.0201,0.0,0
1652,991879.0,0.0982,0.0,0
1653,992219.0,0.0237,0.0,0
1654,992490.0,0.0201,-0.046680884000493854,1
1655,992930.0,0.0236,0.0,0
1656,994439.0,0.0379,0.0,0
1657,994763.0,0.0655,0.0,0
1658,997755.0,0.1068,0.0,0
1659,998146.0,0.0115,0.0,0
1660,999150.0,0.0298,0.0,0
1661,999373.0,0.0576,0.0,0
1662,999439.0,0.3884,-0.01815269232825359,1
