parent,child
115,500
117,500
115,501
117,501
436,502
418,502
436,503
418,503
411,504
215,504
411,505
215,505
81,506
299,506
81,507
299,507
279,508
26,508
279,509
26,509
149,510
55,510
149,511
55,511
337,512
400,512
337,513
400,513
58,514
79,514
58,515
79,515
43,516
404,516
43,517
404,517
347,518
114,518
347,519
114,519
304,520
343,520
304,521
343,521
219,522
336,522
219,523
336,523
282,524
167,524
282,525
167,525
22,526
227,526
22,527
227,527
211,528
21,528
211,529
21,529
346,530
231,530
346,531
231,531
314,532
212,532
314,533
212,533
349,534
175,534
349,535
175,535
118,536
40,536
118,537
40,537
48,538
14,538
48,539
14,539
339,540
199,540
339,541
199,541
141,542
496,542
141,543
496,543
105,544
64,544
105,545
64,545
284,546
384,546
284,547
384,547
281,548
466,548
281,549
466,549
164,550
291,550
164,551
291,551
474,552
275,552
474,553
275,553
163,554
303,554
163,555
303,555
28,556
273,556
28,557
273,557
63,558
470,558
63,559
470,559
324,560
269,560
324,561
269,561
18,562
34,562
18,563
34,563
417,564
405,564
417,565
405,565
297,566
183,566
297,567
183,567
44,568
433,568
44,569
433,569
180,570
465,570
180,571
465,571
493,572
244,572
493,573
244,573
181,574
82,574
181,575
82,575
302,576
464,576
302,577
464,577
352,578
116,578
352,579
116,579
422,580
482,580
422,581
482,581
491,582
494,582
491,583
494,583
221,584
414,584
221,585
414,585
190,586
379,586
190,587
379,587
84,588
362,588
84,589
362,589
358,590
172,590
358,591
172,591
136,592
330,592
136,593
330,593
217,594
53,594
217,595
53,595
416,596
386,596
416,597
386,597
60,598
380,598
60,599
380,599
456,600
186,600
456,601
186,601
42,602
146,602
42,603
146,603
378,604
192,604
378,605
192,605
313,606
454,606
313,607
454,607
268,608
15,608
268,609
15,609
50,610
498,610
50,611
498,611
325,612
437,612
325,613
437,613
368,614
67,614
368,615
67,615
391,616
157,616
391,617
157,617
412,618
196,618
412,619
196,619
228,620
229,620
228,621
229,621
145,622
52,622
145,623
52,623
225,624
125,624
225,625
125,625
71,626
312,626
71,627
312,627
394,628
377,628
394,629
377,629
249,630
408,630
249,631
408,631
274,632
230,632
274,633
230,633
5,634
68,634
5,635
68,635
322,636
129,636
322,637
129,637
481,638
104,638
481,639
104,639
30,640
139,640
30,641
139,641
152,642
406,642
152,643
406,643
453,644
20,644
453,645
20,645
262,646
460,646
262,647
460,647
265,648
76,648
265,649
76,649
27,650
241,650
27,651
241,651
331,652
240,652
331,653
240,653
447,654
289,654
447,655
289,655
10,656
38,656
10,657
38,657
294,658
130,658
294,659
130,659
469,660
280,660
469,661
280,661
435,662
431,662
435,663
431,663
100,664
13,664
100,665
13,665
462,666
120,666
462,667
120,667
329,668
350,668
329,669
350,669
449,670
356,670
449,671
356,671
353,672
485,672
353,673
485,673
488,674
184,674
488,675
184,675
90,676
415,676
90,677
415,677
393,678
88,678
393,679
88,679
46,680
16,680
46,681
16,681
441,682
122,682
441,683
122,683
478,684
432,684
478,685
432,685
455,686
91,686
455,687
91,687
236,688
29,688
236,689
29,689
205,690
216,690
205,691
216,691
445,692
328,692
445,693
328,693
308,694
168,694
308,695
168,695
287,696
419,696
287,697
419,697
375,698
402,698
375,699
402,699
426,700
410,700
426,701
410,701
305,702
390,702
305,703
390,703
383,704
94,704
383,705
94,705
232,706
35,706
232,707
35,707
162,708
338,708
162,709
338,709
285,710
201,710
285,711
201,711
25,712
138,712
25,713
138,713
69,714
468,714
69,715
468,715
233,716
188,716
233,717
188,717
220,718
11,718
220,719
11,719
319,720
238,720
319,721
238,721
364,722
12,722
364,723
12,723
154,724
369,724
154,725
369,725
45,726
62,726
45,727
62,727
413,728
381,728
413,729
381,729
171,730
243,730
171,731
243,731
259,732
144,732
259,733
144,733
286,734
160,734
286,735
160,735
446,736
3,736
446,737
3,737
111,738
427,738
111,739
427,739
151,740
323,740
151,741
323,741
283,742
148,742
283,743
148,743
54,744
301,744
54,745
301,745
245,746
257,746
245,747
257,747
33,748
457,748
33,749
457,749
499,750
108,750
499,751
108,751
309,752
473,752
309,753
473,753
357,754
425,754
357,755
425,755
490,756
497,756
490,757
497,757
475,758
98,758
475,759
98,759
363,760
86,760
363,761
86,761
166,762
463,762
166,763
463,763
442,764
458,764
442,765
458,765
251,766
438,766
251,767
438,767
57,768
126,768
57,769
126,769
123,770
440,770
123,771
440,771
472,772
176,772
472,773
176,773
0,774
187,774
0,775
187,775
159,776
178,776
159,777
178,777
179,778
492,778
179,779
492,779
398,780
326,780
398,781
326,781
193,782
56,782
193,783
56,783
332,784
41,784
332,785
41,785
6,786
256,786
6,787
256,787
316,788
271,788
316,789
271,789
197,790
392,790
197,791
392,791
345,792
424,792
345,793
424,793
239,794
155,794
239,795
155,795
487,796
103,796
487,797
103,797
396,798
495,798
396,799
495,799
213,800
365,800
213,801
365,801
2,802
344,802
2,803
344,803
397,804
252,804
397,805
252,805
359,806
354,806
359,807
354,807
132,808
165,808
132,809
165,809
202,810
476,810
202,811
476,811
310,812
204,812
310,813
204,813
200,814
121,814
200,815
121,815
477,816
292,816
477,817
292,817
258,818
480,818
258,819
480,819
173,820
248,820
173,821
248,821
351,822
4,822
351,823
4,823
110,824
407,824
110,825
407,825
150,826
237,826
150,827
237,827
80,828
66,828
80,829
66,829
467,830
133,830
467,831
133,831
255,832
288,832
255,833
288,833
382,834
83,834
382,835
83,835
224,836
399,836
224,837
399,837
77,838
106,838
77,839
106,839
195,840
340,840
195,841
340,841
483,842
389,842
483,843
389,843
127,844
72,844
127,845
72,845
209,846
298,846
209,847
298,847
96,848
355,848
96,849
355,849
373,850
459,850
373,851
459,851
471,852
300,852
471,853
300,853
272,854
401,854
272,855
401,855
153,856
208,856
153,857
208,857
428,858
277,858
428,859
277,859
335,860
385,860
335,861
385,861
210,862
102,862
210,863
102,863
320,864
395,864
320,865
395,865
376,866
207,866
376,867
207,867
264,868
270,868
264,869
270,869
99,870
342,870
99,871
342,871
403,872
315,872
403,873
315,873
78,874
137,874
78,875
137,875
36,876
47,876
36,877
47,877
203,878
31,878
203,879
31,879
51,880
73,880
51,881
73,881
191,882
169,882
191,883
169,883
156,884
484,884
156,885
484,885
128,886
421,886
128,887
421,887
361,888
226,888
361,889
226,889
388,890
85,890
388,891
85,891
366,892
214,892
366,893
214,893
147,894
489,894
147,895
489,895
8,896
135,896
8,897
135,897
409,898
95,898
409,899
95,899
189,900
93,900
189,901
93,901
367,902
194,902
367,903
194,903
296,904
235,904
296,905
235,905
461,906
434,906
461,907
434,907
372,908
321,908
372,909
321,909
222,910
448,910
222,911
448,911
360,912
223,912
360,913
223,913
423,914
101,914
423,915
101,915
295,916
65,916
295,917
65,917
1,918
387,918
1,919
387,919
131,920
161,920
131,921
161,921
348,922
198,922
348,923
198,923
182,924
37,924
182,925
37,925
107,926
450,926
107,927
450,927
234,928
59,928
234,929
59,929
444,930
61,930
444,931
61,931
32,932
87,932
32,933
87,933
307,934
261,934
307,935
261,935
266,936
318,936
266,937
318,937
142,938
253,938
142,939
253,939
306,940
185,940
306,941
185,941
263,942
246,942
263,943
246,943
250,944
327,944
250,945
327,945
486,946
439,946
486,947
439,947
311,948
334,948
311,949
334,949
177,950
109,950
177,951
109,951
317,952
143,952
317,953
143,953
170,954
278,954
170,955
278,955
218,956
333,956
218,957
333,957
276,958
140,958
276,959
140,959
260,960
112,960
260,961
112,961
430,962
174,962
430,963
174,963
479,964
89,964
479,965
89,965
75,966
452,966
75,967
452,967
9,968
70,968
9,969
70,969
429,970
49,970
429,971
49,971
254,972
17,972
254,973
17,973
420,974
370,974
420,975
370,975
451,976
23,976
451,977
23,977
74,978
92,978
74,979
92,979
247,980
267,980
247,981
267,981
24,982
39,982
24,983
39,983
158,984
371,984
158,985
371,985
443,986
341,986
443,987
341,987
290,988
19,988
290,989
19,989
374,990
242,990
374,991
242,991
113,992
124,992
113,993
124,993
293,994
97,994
293,995
97,995
206,996
134,996
206,997
134,997
7,998
119,998
7,999
119,999
776,1000
707,1000
776,1001
707,1001
802,1002
986,1002
802,1003
986,1003
718,1004
884,1004
718,1005
884,1005
810,1006
576,1006
810,1007
576,1007
956,1008
692,1008
956,1009
692,1009
705,1010
755,1010
705,1011
755,1011
873,1012
736,1012
873,1013
736,1013
888,1014
811,1014
888,1015
811,1015
638,1016
620,1016
638,1017
620,1017
837,1018
928,1018
837,1019
928,1019
818,1020
682,1020
818,1021
682,1021
694,1022
575,1022
694,1023
575,1023
949,1024
903,1024
949,1025
903,1025
762,1026
616,1026
762,1027
616,1027
579,1028
975,1028
579,1029
975,1029
994,1030
712,1030
994,1031
712,1031
807,1032
988,1032
807,1033
988,1033
763,1034
650,1034
763,1035
650,1035
648,1036
848,1036
648,1037
848,1037
999,1038
993,1038
999,1039
993,1039
595,1040
756,1040
595,1041
756,1041
696,1042
527,1042
696,1043
527,1043
642,1044
862,1044
642,1045
862,1045
976,1046
662,1046
976,1047
662,1047
803,1048
944,1048
803,1049
944,1049
864,1050
750,1050
864,1051
750,1051
896,1052
519,1052
896,1053
519,1053
611,1054
998,1054
611,1055
998,1055
746,1056
969,1056
746,1057
969,1057
528,1058
699,1058
528,1059
699,1059
825,1060
617,1060
825,1061
617,1061
749,1062
517,1062
749,1063
517,1063
840,1064
906,1064
840,1065
906,1065
744,1066
706,1066
744,1067
706,1067
907,1068
886,1068
907,1069
886,1069
602,1070
872,1070
602,1071
872,1071
673,1072
953,1072
673,1073
953,1073
555,1074
997,1074
555,1075
997,1075
734,1076
661,1076
734,1077
661,1077
693,1078
739,1078
693,1079
739,1079
851,1080
777,1080
851,1081
777,1081
697,1082
584,1082
697,1083
584,1083
881,1084
784,1084
881,1085
784,1085
675,1086
950,1086
675,1087
950,1087
985,1088
724,1088
985,1089
724,1089
570,1090
566,1090
570,1091
566,1091
672,1092
577,1092
672,1093
577,1093
677,1094
822,1094
677,1095
822,1095
625,1096
535,1096
625,1097
535,1097
587,1098
663,1098
587,1099
663,1099
972,1100
793,1100
972,1101
793,1101
589,1102
623,1102
589,1103
623,1103
530,1104
827,1104
530,1105
827,1105
644,1106
567,1106
644,1107
567,1107
532,1108
909,1108
532,1109
909,1109
771,1110
966,1110
771,1111
966,1111
701,1112
634,1112
701,1113
634,1113
823,1114
730,1114
823,1115
730,1115
585,1116
791,1116
585,1117
791,1117
940,1118
665,1118
940,1119
665,1119
562,1120
728,1120
562,1121
728,1121
508,1122
760,1122
508,1123
760,1123
630,1124
684,1124
630,1125
684,1125
831,1126
792,1126
831,1127
792,1127
742,1128
612,1128
742,1129
612,1129
961,1130
931,1130
961,1131
931,1131
887,1132
540,1132
887,1133
540,1133
649,1134
504,1134
649,1135
504,1135
990,1136
568,1136
990,1137
568,1137
655,1138
593,1138
655,1139
593,1139
685,1140
937,1140
685,1141
937,1141
879,1142
927,1142
879,1143
927,1143
637,1144
816,1144
637,1145
816,1145
658,1146
725,1146
658,1147
725,1147
542,1148
548,1148
542,1149
548,1149
932,1150
835,1150
932,1151
835,1151
824,1152
523,1152
824,1153
523,1153
633,1154
671,1154
633,1155
671,1155
626,1156
853,1156
626,1157
853,1157
981,1158
752,1158
981,1159
752,1159
603,1160
945,1160
603,1161
945,1161
714,1162
709,1162
714,1163
709,1163
916,1164
867,1164
916,1165
867,1165
727,1166
904,1166
727,1167
904,1167
782,1168
573,1168
782,1169
573,1169
560,1170
561,1170
560,1171
561,1171
711,1172
889,1172
711,1173
889,1173
860,1174
914,1174
860,1175
914,1175
629,1176
861,1176
629,1177
861,1177
686,1178
698,1178
686,1179
698,1179
798,1180
645,1180
798,1181
645,1181
596,1182
982,1182
596,1183
982,1183
767,1184
688,1184
767,1185
688,1185
669,1186
667,1186
669,1187
667,1187
664,1188
533,1188
664,1189
533,1189
900,1190
670,1190
900,1191
670,1191
733,1192
839,1192
733,1193
839,1193
828,1194
775,1194
828,1195
775,1195
743,1196
774,1196
743,1197
774,1197
892,1198
531,1198
892,1199
531,1199
501,1200
836,1200
501,1201
836,1201
722,1202
984,1202
722,1203
984,1203
518,1204
979,1204
518,1205
979,1205
854,1206
582,1206
854,1207
582,1207
785,1208
506,1208
785,1209
506,1209
547,1210
875,1210
547,1211
875,1211
817,1212
935,1212
817,1213
935,1213
991,1214
795,1214
991,1215
795,1215
559,1216
544,1216
559,1217
544,1217
719,1218
788,1218
719,1219
788,1219
895,1220
666,1220
895,1221
666,1221
500,1222
805,1222
500,1223
805,1223
846,1224
814,1224
846,1225
814,1225
967,1226
632,1226
967,1227
632,1227
636,1228
951,1228
636,1229
951,1229
604,1230
778,1230
604,1231
778,1231
948,1232
946,1232
948,1233
946,1233
507,1234
913,1234
507,1235
913,1235
549,1236
978,1236
549,1237
978,1237
715,1238
898,1238
715,1239
898,1239
868,1240
917,1240
868,1241
917,1241
833,1242
639,1242
833,1243
639,1243
695,1244
588,1244
695,1245
588,1245
855,1246
963,1246
855,1247
963,1247
550,1248
505,1248
550,1249
505,1249
710,1250
601,1250
710,1251
601,1251
926,1252
753,1252
926,1253
753,1253
813,1254
761,1254
813,1255
761,1255
877,1256
901,1256
877,1257
901,1257
592,1258
510,1258
592,1259
510,1259
614,1260
539,1260
614,1261
539,1261
635,1262
876,1262
635,1263
876,1263
741,1264
702,1264
741,1265
702,1265
765,1266
640,1266
765,1267
640,1267
850,1268
538,1268
850,1269
538,1269
812,1270
721,1270
812,1271
721,1271
553,1272
717,1272
553,1273
717,1273
819,1274
704,1274
819,1275
704,1275
911,1276
933,1276
911,1277
933,1277
525,1278
537,1278
525,1279
537,1279
754,1280
809,1280
754,1281
809,1281
987,1282
996,1282
987,1283
996,1283
924,1284
668,1284
924,1285
668,1285
529,1286
735,1286
529,1287
735,1287
659,1288
891,1288
659,1289
891,1289
583,1290
796,1290
583,1291
796,1291
687,1292
654,1292
687,1293
654,1293
820,1294
737,1294
820,1295
737,1295
786,1296
834,1296
786,1297
834,1297
607,1298
845,1298
607,1299
845,1299
586,1300
921,1300
586,1301
921,1301
622,1302
959,1302
622,1303
959,1303
726,1304
674,1304
726,1305
674,1305
912,1306
856,1306
912,1307
856,1307
606,1308
880,1308
606,1309
880,1309
605,1310
609,1310
605,1311
609,1311
858,1312
934,1312
858,1313
934,1313
936,1314
569,1314
936,1315
569,1315
643,1316
832,1316
643,1317
832,1317
647,1318
520,1318
647,1319
520,1319
646,1320
723,1320
646,1321
723,1321
923,1322
830,1322
923,1323
830,1323
713,1324
764,1324
713,1325
764,1325
938,1326
679,1326
938,1327
679,1327
970,1328
952,1328
970,1329
952,1329
546,1330
783,1330
546,1331
783,1331
651,1332
574,1332
651,1333
574,1333
894,1334
960,1334
894,1335
960,1335
995,1336
690,1336
995,1337
690,1337
789,1338
691,1338
789,1339
691,1339
893,1340
597,1340
893,1341
597,1341
599,1342
740,1342
599,1343
740,1343
815,1344
558,1344
815,1345
558,1345
871,1346
513,1346
871,1347
513,1347
571,1348
541,1348
571,1349
541,1349
806,1350
941,1350
806,1351
941,1351
524,1352
594,1352
524,1353
594,1353
847,1354
545,1354
847,1355
545,1355
503,1356
974,1356
503,1357
974,1357
680,1358
619,1358
680,1359
619,1359
511,1360
729,1360
511,1361
729,1361
977,1362
787,1362
977,1363
787,1363
929,1364
942,1364
929,1365
942,1365
841,1366
885,1366
841,1367
885,1367
660,1368
869,1368
660,1369
869,1369
543,1370
747,1370
543,1371
747,1371
980,1372
779,1372
980,1373
779,1373
955,1374
720,1374
955,1375
720,1375
918,1376
890,1376
918,1377
890,1377
618,1378
591,1378
618,1379
591,1379
512,1380
515,1380
512,1381
515,1381
925,1382
790,1382
925,1383
790,1383
983,1384
748,1384
983,1385
748,1385
766,1386
732,1386
766,1387
732,1387
759,1388
804,1388
759,1389
804,1389
910,1390
838,1390
910,1391
838,1391
905,1392
781,1392
905,1393
781,1393
773,1394
683,1394
773,1395
683,1395
897,1396
624,1396
897,1397
624,1397
797,1398
902,1398
797,1399
902,1399
849,1400
716,1400
849,1401
716,1401
689,1402
509,1402
689,1403
509,1403
870,1404
768,1404
870,1405
768,1405
552,1406
826,1406
552,1407
826,1407
829,1408
882,1408
829,1409
882,1409
866,1410
600,1410
866,1411
600,1411
962,1412
556,1412
962,1413
556,1413
557,1414
915,1414
557,1415
915,1415
657,1416
920,1416
657,1417
920,1417
610,1418
598,1418
610,1419
598,1419
874,1420
842,1420
874,1421
842,1421
769,1422
989,1422
769,1423
989,1423
738,1424
745,1424
738,1425
745,1425
536,1426
770,1426
536,1427
770,1427
939,1428
922,1428
939,1429
922,1429
863,1430
708,1430
863,1431
708,1431
751,1432
794,1432
751,1433
794,1433
908,1434
964,1434
908,1435
964,1435
621,1436
968,1436
621,1437
968,1437
516,1438
958,1438
516,1439
958,1439
992,1440
852,1440
992,1441
852,1441
572,1442
731,1442
572,1443
731,1443
878,1444
799,1444
878,1445
799,1445
899,1446
971,1446
899,1447
971,1447
700,1448
973,1448
700,1449
973,1449
883,1450
590,1450
883,1451
590,1451
563,1452
965,1452
563,1453
965,1453
653,1454
808,1454
653,1455
808,1455
631,1456
526,1456
631,1457
526,1457
608,1458
522,1458
608,1459
522,1459
758,1460
843,1460
758,1461
843,1461
919,1462
957,1462
919,1463
957,1463
857,1464
565,1464
857,1465
565,1465
800,1466
578,1466
800,1467
578,1467
703,1468
580,1468
703,1469
580,1469
627,1470
844,1470
627,1471
844,1471
502,1472
757,1472
502,1473
757,1473
581,1474
780,1474
581,1475
780,1475
947,1476
514,1476
947,1477
514,1477
564,1478
943,1478
564,1479
943,1479
772,1480
613,1480
772,1481
613,1481
954,1482
859,1482
954,1483
859,1483
641,1484
628,1484
641,1485
628,1485
554,1486
652,1486
554,1487
652,1487
615,1488
521,1488
615,1489
521,1489
676,1490
656,1490
676,1491
656,1491
678,1492
930,1492
678,1493
930,1493
865,1494
551,1494
865,1495
551,1495
534,1496
801,1496
534,1497
801,1497
681,1498
821,1498
681,1499
821,1499
1167,1500
1468,1500
1167,1501
1468,1501
1376,1502
1289,1502
1376,1503
1289,1503
1055,1504
1033,1504
1055,1505
1033,1505
1490,1506
1278,1506
1490,1507
1278,1507
1311,1508
1012,1508
1311,1509
1012,1509
1489,1510
1415,1510
1489,1511
1415,1511
1247,1512
1193,1512
1247,1513
1193,1513
1071,1514
1487,1514
1071,1515
1487,1515
1347,1516
1419,1516
1347,1517
1419,1517
1334,1518
1364,1518
1334,1519
1364,1519
1390,1520
1259,1520
1390,1521
1259,1521
1120,1522
1455,1522
1120,1523
1455,1523
1262,1524
1269,1524
1262,1525
1269,1525
1199,1526
1283,1526
1199,1527
1283,1527
1496,1528
1309,1528
1496,1529
1309,1529
1102,1530
1346,1530
1102,1531
1346,1531
1492,1532
1434,1532
1492,1533
1434,1533
1313,1534
1378,1534
1313,1535
1378,1535
1305,1536
1070,1536
1305,1537
1070,1537
1357,1538
1301,1538
1357,1539
1301,1539
1423,1540
1078,1540
1423,1541
1078,1541
1011,1542
1125,1542
1011,1543
1125,1543
1086,1544
1054,1544
1086,1545
1054,1545
1424,1546
1004,1546
1424,1547
1004,1547
1009,1548
1270,1548
1009,1549
1270,1549
1451,1550
1121,1550
1451,1551
1121,1551
1458,1552
1403,1552
1458,1553
1403,1553
1339,1554
1296,1554
1339,1555
1296,1555
1450,1556
1316,1556
1450,1557
1316,1557
1084,1558
1431,1558
1084,1559
1431,1559
1386,1560
1291,1560
1386,1561
1291,1561
1288,1562
1392,1562
1288,1563
1392,1563
1244,1564
1231,1564
1244,1565
1231,1565
1344,1566
1349,1566
1344,1567
1349,1567
1437,1568
1410,1568
1437,1569
1410,1569
1421,1570
1149,1570
1421,1571
1149,1571
1488,1572
1087,1572
1488,1573
1087,1573
1200,1574
1393,1574
1200,1575
1393,1575
1332,1576
1290,1576
1332,1577
1290,1577
1223,1578
1041,1578
1223,1579
1041,1579
1242,1580
1003,1580
1242,1581
1003,1581
1454,1582
1320,1582
1454,1583
1320,1583
1427,1584
1310,1584
1427,1585
1310,1585
1203,1586
1366,1586
1203,1587
1366,1587
1230,1588
1172,1588
1230,1589
1172,1589
1331,1590
1330,1590
1331,1591
1330,1591
1241,1592
1499,1592
1241,1593
1499,1593
1472,1594
1068,1594
1472,1595
1068,1595
1429,1596
1101,1596
1429,1597
1101,1597
1436,1598
1224,1598
1436,1599
1224,1599
1442,1600
1438,1600
1442,1601
1438,1601
1108,1602
1245,1602
1108,1603
1245,1603
1135,1604
1303,1604
1135,1605
1303,1605
1233,1606
1405,1606
1233,1607
1405,1607
1367,1608
1385,1608
1367,1609
1385,1609
1038,1610
1184,1610
1038,1611
1184,1611
1145,1612
1445,1612
1145,1613
1445,1613
1322,1614
1017,1614
1322,1615
1017,1615
1304,1616
1433,1616
1304,1617
1433,1617
1094,1618
1484,1618
1094,1619
1484,1619
1325,1620
1387,1620
1325,1621
1387,1621
1321,1622
1063,1622
1321,1623
1063,1623
1471,1624
1411,1624
1471,1625
1411,1625
1186,1626
1047,1626
1186,1627
1047,1627
1417,1628
1476,1628
1417,1629
1476,1629
1345,1630
1338,1630
1345,1631
1338,1631
1112,1632
1402,1632
1112,1633
1402,1633
1139,1634
1138,1634
1139,1635
1138,1635
1207,1636
1025,1636
1207,1637
1025,1637
1294,1638
1312,1638
1294,1639
1312,1639
1211,1640
1456,1640
1211,1641
1456,1641
1089,1642
1372,1642
1089,1643
1372,1643
1197,1644
1178,1644
1197,1645
1178,1645
1425,1646
1394,1646
1425,1647
1394,1647
1370,1648
1001,1648
1370,1649
1001,1649
1401,1650
1092,1650
1401,1651
1092,1651
1406,1652
1391,1652
1406,1653
1391,1653
1491,1654
1142,1654
1491,1655
1142,1655
1336,1656
1082,1656
1336,1657
1082,1657
1208,1658
1271,1658
1208,1659
1271,1659
1219,1660
1412,1660
1219,1661
1412,1661
1460,1662
1285,1662
1460,1663
1285,1663
1341,1664
1179,1664
1341,1665
1179,1665
1171,1666
1375,1666
1171,1667
1375,1667
1232,1668
1051,1668
1232,1669
1051,1669
1098,1670
1005,1670
1098,1671
1005,1671
1165,1672
1238,1672
1165,1673
1238,1673
1144,1674
1220,1674
1144,1675
1220,1675
1250,1676
1430,1676
1250,1677
1430,1677
1109,1678
1265,1678
1109,1679
1265,1679
1131,1680
1141,1680
1131,1681
1141,1681
1209,1682
1043,1682
1209,1683
1043,1683
1119,1684
1317,1684
1119,1685
1317,1685
1302,1686
1418,1686
1302,1687
1418,1687
1228,1688
1198,1688
1228,1689
1198,1689
1060,1690
1404,1690
1060,1691
1404,1691
1181,1692
1266,1692
1181,1693
1266,1693
1214,1694
1319,1694
1214,1695
1319,1695
1234,1696
1059,1696
1234,1697
1059,1697
1318,1698
1216,1698
1318,1699
1216,1699
1261,1700
1153,1700
1261,1701
1153,1701
1369,1702
1255,1702
1369,1703
1255,1703
1466,1704
1498,1704
1466,1705
1498,1705
1031,1706
1075,1706
1031,1707
1075,1707
1448,1708
1260,1708
1448,1709
1260,1709
1180,1710
1479,1710
1180,1711
1479,1711
1236,1712
1053,1712
1236,1713
1053,1713
1130,1714
1251,1714
1130,1715
1251,1715
1326,1716
1192,1716
1326,1717
1192,1717
1327,1718
1073,1718
1327,1719
1073,1719
1286,1720
1481,1720
1286,1721
1481,1721
1037,1722
1267,1722
1037,1723
1267,1723
1494,1724
1308,1724
1494,1725
1308,1725
1034,1726
1196,1726
1034,1727
1196,1727
1399,1728
1324,1728
1399,1729
1324,1729
1428,1730
1133,1730
1428,1731
1133,1731
1359,1732
1161,1732
1359,1733
1161,1733
1150,1734
1202,1734
1150,1735
1202,1735
1272,1736
1195,1736
1272,1737
1195,1737
1300,1738
1010,1738
1300,1739
1010,1739
1061,1740
1473,1740
1061,1741
1473,1741
1444,1742
1157,1742
1444,1743
1157,1743
1019,1744
1398,1744
1019,1745
1398,1745
1400,1746
1039,1746
1400,1747
1039,1747
1057,1748
1174,1748
1057,1749
1174,1749
1064,1750
1022,1750
1064,1751
1022,1751
1342,1752
1062,1752
1342,1753
1062,1753
1409,1754
1483,1754
1409,1755
1483,1755
1118,1756
1478,1756
1118,1757
1478,1757
1189,1758
1190,1758
1189,1759
1190,1759
1469,1760
1093,1760
1469,1761
1093,1761
1368,1762
1362,1762
1368,1763
1362,1763
1148,1764
1453,1764
1148,1765
1453,1765
1115,1766
1099,1766
1115,1767
1099,1767
1396,1768
1268,1768
1396,1769
1268,1769
1015,1770
1422,1770
1015,1771
1422,1771
1176,1772
1315,1772
1176,1773
1315,1773
1056,1774
1337,1774
1056,1775
1337,1775
1213,1776
1413,1776
1213,1777
1413,1777
1021,1778
1447,1778
1021,1779
1447,1779
1439,1780
1365,1780
1439,1781
1365,1781
1049,1782
1090,1782
1049,1783
1090,1783
1486,1784
1248,1784
1486,1785
1248,1785
1426,1786
1079,1786
1426,1787
1079,1787
1246,1788
1029,1788
1246,1789
1029,1789
1077,1790
1273,1790
1077,1791
1273,1791
1134,1792
1240,1792
1134,1793
1240,1793
1382,1794
1215,1794
1382,1795
1215,1795
1173,1796
1249,1796
1173,1797
1249,1797
1258,1798
1044,1798
1258,1799
1044,1799
1110,1800
1065,1800
1110,1801
1065,1801
1155,1802
1257,1802
1155,1803
1257,1803
1069,1804
1263,1804
1069,1805
1263,1805
1117,1806
1416,1806
1117,1807
1416,1807
1463,1808
1080,1808
1463,1809
1080,1809
1097,1810
1497,1810
1097,1811
1497,1811
1225,1812
1475,1812
1225,1813
1475,1813
1072,1814
1282,1814
1072,1815
1282,1815
1129,1816
1026,1816
1129,1817
1026,1817
1435,1818
1374,1818
1435,1819
1374,1819
1128,1820
1126,1820
1128,1821
1126,1821
1123,1822
1277,1822
1123,1823
1277,1823
1264,1824
1432,1824
1264,1825
1432,1825
1156,1826
1212,1826
1156,1827
1212,1827
1252,1828
1256,1828
1252,1829
1256,1829
1408,1830
1493,1830
1408,1831
1493,1831
1229,1832
1076,1832
1229,1833
1076,1833
1100,1834
1446,1834
1100,1835
1446,1835
1275,1836
1356,1836
1275,1837
1356,1837
1045,1838
1151,1838
1045,1839
1151,1839
1221,1840
1185,1840
1221,1841
1185,1841
1035,1842
1443,1842
1035,1843
1443,1843
1205,1844
1206,1844
1205,1845
1206,1845
1088,1846
1036,1846
1088,1847
1036,1847
1095,1848
1048,1848
1095,1849
1048,1849
1046,1850
1222,1850
1046,1851
1222,1851
1083,1852
1013,1852
1083,1853
1013,1853
1480,1854
1299,1854
1480,1855
1299,1855
1122,1856
1280,1856
1122,1857
1280,1857
1380,1858
1373,1858
1380,1859
1373,1859
1103,1860
1464,1860
1103,1861
1464,1861
1253,1862
1111,1862
1253,1863
1111,1863
1006,1864
1067,1864
1006,1865
1067,1865
1020,1866
1163,1866
1020,1867
1163,1867
1018,1868
1028,1868
1018,1869
1028,1869
1014,1870
1127,1870
1014,1871
1127,1871
1348,1872
1008,1872
1348,1873
1008,1873
1295,1874
1040,1874
1295,1875
1040,1875
1104,1876
1114,1876
1104,1877
1114,1877
1096,1878
1050,1878
1096,1879
1050,1879
1407,1880
1081,1880
1407,1881
1081,1881
1124,1882
1361,1882
1124,1883
1361,1883
1340,1884
1235,1884
1340,1885
1235,1885
1371,1886
1467,1886
1371,1887
1467,1887
1383,1888
1297,1888
1383,1889
1297,1889
1329,1890
1210,1890
1329,1891
1210,1891
1159,1892
1226,1892
1159,1893
1226,1893
1276,1894
1414,1894
1276,1895
1414,1895
1175,1896
1352,1896
1175,1897
1352,1897
1007,1898
1237,1898
1007,1899
1237,1899
1016,1900
1470,1900
1016,1901
1470,1901
1449,1902
1188,1902
1449,1903
1188,1903
1160,1904
1107,1904
1160,1905
1107,1905
1440,1906
1023,1906
1440,1907
1023,1907
1279,1908
1307,1908
1279,1909
1307,1909
1462,1910
1381,1910
1462,1911
1381,1911
1183,1912
1201,1912
1183,1913
1201,1913
1459,1914
1363,1914
1459,1915
1363,1915
1170,1916
1395,1916
1170,1917
1395,1917
1355,1918
1274,1918
1355,1919
1274,1919
1465,1920
1066,1920
1465,1921
1066,1921
1116,1922
1158,1922
1116,1923
1158,1923
1105,1924
1147,1924
1105,1925
1147,1925
1474,1926
1477,1926
1474,1927
1477,1927
1306,1928
1024,1928
1306,1929
1024,1929
1164,1930
1074,1930
1164,1931
1074,1931
1154,1932
1377,1932
1154,1933
1377,1933
1152,1934
1177,1934
1152,1935
1177,1935
1162,1936
1350,1936
1162,1937
1350,1937
1032,1938
1485,1938
1032,1939
1485,1939
1140,1940
1292,1940
1140,1941
1292,1941
1106,1942
1457,1942
1106,1943
1457,1943
1227,1944
1143,1944
1227,1945
1143,1945
1298,1946
1239,1946
1298,1947
1239,1947
1166,1948
1281,1948
1166,1949
1281,1949
1328,1950
1284,1950
1328,1951
1284,1951
1002,1952
1027,1952
1002,1953
1027,1953
1052,1954
1169,1954
1052,1955
1169,1955
1354,1956
1204,1956
1354,1957
1204,1957
1461,1958
1441,1958
1461,1959
1441,1959
1360,1960
1379,1960
1360,1961
1379,1961
1085,1962
1132,1962
1085,1963
1132,1963
1113,1964
1191,1964
1113,1965
1191,1965
1353,1966
1482,1966
1353,1967
1482,1967
1293,1968
1194,1968
1293,1969
1194,1969
1243,1970
1351,1970
1243,1971
1351,1971
1091,1972
1420,1972
1091,1973
1420,1973
1384,1974
1495,1974
1384,1975
1495,1975
1218,1976
1287,1976
1218,1977
1287,1977
1000,1978
1187,1978
1000,1979
1187,1979
1314,1980
1217,1980
1314,1981
1217,1981
1030,1982
1389,1982
1030,1983
1389,1983
1254,1984
1335,1984
1254,1985
1335,1985
1333,1986
1137,1986
1333,1987
1137,1987
1146,1988
1058,1988
1146,1989
1058,1989
1042,1990
1168,1990
1042,1991
1168,1991
1452,1992
1358,1992
1452,1993
1358,1993
1182,1994
1136,1994
1182,1995
1136,1995
1388,1996
1397,1996
1388,1997
1397,1997
1323,1998
1343,1998
1323,1999
1343,1999
1859,2000
1681,2000
1859,2001
1681,2001
1906,2002
1992,2002
1906,2003
1992,2003
1749,2004
1949,2004
1749,2005
1949,2005
1571,2006
1825,2006
1571,2007
1825,2007
1934,2008
1850,2008
1934,2009
1850,2009
1931,2010
1811,2010
1931,2011
1811,2011
1810,2012
1805,2012
1810,2013
1805,2013
1641,2014
1573,2014
1641,2015
1573,2015
1521,2016
1924,2016
1521,2017
1924,2017
1566,2018
1582,2018
1566,2019
1582,2019
1899,2020
1601,2020
1899,2021
1601,2021
1813,2022
1806,2022
1813,2023
1806,2023
1634,2024
1722,2024
1634,2025
1722,2025
1804,2026
1733,2026
1804,2027
1733,2027
1862,2028
1819,2028
1862,2029
1819,2029
1848,2030
1877,2030
1848,2031
1877,2031
1944,2032
1807,2032
1944,2033
1807,2033
1967,2034
1959,2034
1967,2035
1959,2035
1686,2036
1737,2036
1686,2037
1737,2037
1968,2038
1802,2038
1968,2039
1802,2039
1537,2040
1697,2040
1537,2041
1697,2041
1832,2042
1898,2042
1832,2043
1898,2043
1770,2044
1824,2044
1770,2045
1824,2045
1794,2046
1932,2046
1794,2047
1932,2047
1887,2048
1839,2048
1887,2049
1839,2049
1957,2050
1640,2050
1957,2051
1640,2051
1937,2052
1822,2052
1937,2053
1822,2053
1730,2054
1729,2054
1730,2055
1729,2055
1871,2056
1532,2056
1871,2057
1532,2057
1893,2058
1951,2058
1893,2059
1951,2059
1698,2060
1786,2060
1698,2061
1786,2061
1705,2062
1659,2062
1705,2063
1659,2063
1685,2064
1956,2064
1685,2065
1956,2065
1711,2066
1872,2066
1711,2067
1872,2067
1752,2068
1524,2068
1752,2069
1524,2069
1845,2070
1823,2070
1845,2071
1823,2071
1716,2072
1657,2072
1716,2073
1657,2073
1708,2074
1744,2074
1708,2075
1744,2075
1710,2076
1831,2076
1710,2077
1831,2077
1684,2078
1921,2078
1684,2079
1921,2079
1598,2080
1861,2080
1598,2081
1861,2081
1760,2082
1943,2082
1760,2083
1943,2083
1896,2084
1842,2084
1896,2085
1842,2085
1739,2086
1713,2086
1739,2087
1713,2087
1847,2088
1623,2088
1847,2089
1623,2089
1746,2090
1890,2090
1746,2091
1890,2091
1849,2092
1565,2092
1849,2093
1565,2093
1560,2094
1772,2094
1560,2095
1772,2095
1865,2096
1883,2096
1865,2097
1883,2097
1904,2098
1936,2098
1904,2099
1936,2099
1542,2100
1648,2100
1542,2101
1648,2101
1719,2102
1674,2102
1719,2103
1674,2103
1616,2104
1947,2104
1616,2105
1947,2105
1513,2106
1928,2106
1513,2107
1928,2107
1603,2108
1843,2108
1603,2109
1843,2109
1962,2110
1676,2110
1962,2111
1676,2111
1999,2112
1595,2112
1999,2113
1595,2113
1969,2114
1723,2114
1969,2115
1723,2115
1902,2116
1919,2116
1902,2117
1919,2117
1995,2118
1784,2118
1995,2119
1784,2119
1653,2120
1516,2120
1653,2121
1516,2121
1998,2122
1731,2122
1998,2123
1731,2123
1544,2124
1863,2124
1544,2125
1863,2125
1875,2126
1964,2126
1875,2127
1964,2127
1950,2128
1882,2128
1950,2129
1882,2129
1535,2130
1610,2130
1535,2131
1610,2131
1639,2132
1608,2132
1639,2133
1608,2133
1585,2134
1726,2134
1585,2135
1726,2135
1703,2136
1940,2136
1703,2137
1940,2137
1855,2138
1774,2138
1855,2139
1774,2139
1506,2140
1981,2140
1506,2141
1981,2141
1682,2142
1690,2142
1682,2143
1690,2143
1637,2144
1768,2144
1637,2145
1768,2145
1988,2146
1501,2146
1988,2147
1501,2147
1706,2148
1672,2148
1706,2149
1672,2149
1973,2150
1673,2150
1973,2151
1673,2151
1602,2152
1929,2152
1602,2153
1929,2153
1725,2154
1517,2154
1725,2155
1517,2155
1907,2156
1984,2156
1907,2157
1984,2157
1612,2158
1841,2158
1612,2159
1841,2159
1997,2160
1619,2160
1997,2161
1619,2161
1615,2162
1751,2162
1615,2163
1751,2163
1916,2164
1720,2164
1916,2165
1720,2165
1903,2166
1714,2166
1903,2167
1714,2167
1858,2168
1791,2168
1858,2169
1791,2169
1780,2170
1533,2170
1780,2171
1533,2171
1701,2172
1942,2172
1701,2173
1942,2173
1930,2174
1736,2174
1930,2175
1736,2175
1844,2176
1792,2176
1844,2177
1792,2177
1519,2178
1880,2178
1519,2179
1880,2179
1860,2180
1522,2180
1860,2181
1522,2181
1827,2182
1941,2182
1827,2183
1941,2183
1809,2184
1543,2184
1809,2185
1543,2185
1838,2186
1662,2186
1838,2187
1662,2187
1503,2188
1788,2188
1503,2189
1788,2189
1908,2190
1526,2190
1908,2191
1526,2191
1853,2192
1812,2192
1853,2193
1812,2193
1621,2194
1666,2194
1621,2195
1666,2195
1874,2196
1508,2196
1874,2197
1508,2197
1645,2198
1664,2198
1645,2199
1664,2199
1870,2200
1745,2200
1870,2201
1745,2201
1966,2202
1750,2202
1966,2203
1750,2203
1873,2204
1954,2204
1873,2205
1954,2205
1558,2206
1689,2206
1558,2207
1689,2207
1668,2208
1958,2208
1668,2209
1958,2209
1583,2210
1938,2210
1583,2211
1938,2211
1985,2212
1918,2212
1985,2213
1918,2213
1771,2214
1660,2214
1771,2215
1660,2215
1580,2216
1946,2216
1580,2217
1946,2217
1773,2218
1679,2218
1773,2219
1679,2219
1793,2220
1840,2220
1793,2221
1840,2221
1625,2222
1555,2222
1625,2223
1555,2223
1852,2224
1748,2224
1852,2225
1748,2225
1798,2226
1607,2226
1798,2227
1607,2227
1867,2228
1633,2228
1867,2229
1633,2229
1510,2230
1693,2230
1510,2231
1693,2231
1551,2232
1678,2232
1551,2233
1678,2233
1828,2234
1567,2234
1828,2235
1567,2235
1881,2236
1901,2236
1881,2237
1901,2237
1511,2238
1978,2238
1511,2239
1978,2239
1920,2240
1727,2240
1920,2241
1727,2241
1694,2242
1570,2242
1694,2243
1570,2243
1622,2244
1738,2244
1622,2245
1738,2245
1741,2246
1939,2246
1741,2247
1939,2247
1536,2248
1652,2248
1536,2249
1652,2249
1626,2250
1540,2250
1626,2251
1540,2251
1613,2252
1836,2252
1613,2253
1836,2253
1552,2254
1550,2254
1552,2255
1550,2255
1948,2256
1979,2256
1948,2257
1979,2257
1721,2258
1609,2258
1721,2259
1609,2259
1677,2260
1747,2260
1677,2261
1747,2261
1854,2262
1905,2262
1854,2263
1905,2263
1569,2264
1796,2264
1569,2265
1796,2265
1649,2266
1549,2266
1649,2267
1549,2267
1970,2268
1651,2268
1970,2269
1651,2269
1983,2270
1699,2270
1983,2271
1699,2271
1702,2272
1525,2272
1702,2273
1525,2273
1922,2274
1618,2274
1922,2275
1618,2275
1709,2276
1546,2276
1709,2277
1546,2277
1629,2278
1687,2278
1629,2279
1687,2279
1767,2280
1553,2280
1767,2281
1553,2281
1620,2282
1818,2282
1620,2283
1818,2283
1512,2284
1520,2284
1512,2285
1520,2285
1869,2286
1754,2286
1869,2287
1754,2287
1900,2288
1563,2288
1900,2289
1563,2289
1527,2290
1669,2290
1527,2291
1669,2291
1782,2292
1688,2292
1782,2293
1688,2293
1769,2294
1548,2294
1769,2295
1548,2295
1972,2296
1976,2296
1972,2297
1976,2297
1994,2298
1590,2298
1994,2299
1590,2299
1628,2300
1728,2300
1628,2301
1728,2301
1820,2302
1732,2302
1820,2303
1732,2303
1856,2304
1892,2304
1856,2305
1892,2305
1665,2306
1762,2306
1665,2307
1762,2307
1945,2308
1977,2308
1945,2309
1977,2309
1758,2310
1971,2310
1758,2311
1971,2311
1632,2312
1528,2312
1632,2313
1528,2313
1885,2314
1817,2314
1885,2315
1817,2315
1683,2316
1868,2316
1683,2317
1868,2317
1500,2318
1646,2318
1500,2319
1646,2319
1953,2320
1857,2320
1953,2321
1857,2321
1556,2322
1790,2322
1556,2323
1790,2323
1635,2324
1680,2324
1635,2325
1680,2325
1704,2326
1878,2326
1704,2327
1878,2327
1562,2328
1912,2328
1562,2329
1912,2329
1835,2330
1670,2330
1835,2331
1670,2331
1696,2332
1757,2332
1696,2333
1757,2333
1789,2334
1547,2334
1789,2335
1547,2335
1675,2336
1753,2336
1675,2337
1753,2337
1755,2338
1636,2338
1755,2339
1636,2339
1509,2340
1518,2340
1509,2341
1518,2341
1800,2342
1913,2342
1800,2343
1913,2343
1851,2344
1952,2344
1851,2345
1952,2345
1530,2346
1781,2346
1530,2347
1781,2347
1611,2348
1961,2348
1611,2349
1961,2349
1829,2350
1597,2350
1829,2351
1597,2351
1986,2352
1617,2352
1986,2353
1617,2353
1724,2354
1996,2354
1724,2355
1996,2355
1564,2356
1864,2356
1564,2357
1864,2357
1695,2358
1581,2358
1695,2359
1581,2359
1982,2360
1647,2360
1982,2361
1647,2361
1557,2362
1588,2362
1557,2363
1588,2363
1614,2364
1866,2364
1614,2365
1866,2365
1766,2366
1700,2366
1766,2367
1700,2367
1808,2368
1797,2368
1808,2369
1797,2369
1816,2370
1531,2370
1816,2371
1531,2371
1876,2372
1889,2372
1876,2373
1889,2373
1743,2374
1779,2374
1743,2375
1779,2375
1735,2376
1886,2376
1735,2377
1886,2377
1658,2378
1579,2378
1658,2379
1579,2379
1989,2380
1515,2380
1989,2381
1515,2381
1604,2382
1592,2382
1604,2383
1592,2383
1894,2384
1576,2384
1894,2385
1576,2385
1600,2386
1593,2386
1600,2387
1593,2387
1587,2388
1591,2388
1587,2389
1591,2389
1594,2390
1718,2390
1594,2391
1718,2391
1787,2392
1502,2392
1787,2393
1502,2393
1783,2394
1759,2394
1783,2395
1759,2395
1764,2396
1846,2396
1764,2397
1846,2397
1987,2398
1960,2398
1987,2399
1960,2399
1897,2400
1606,2400
1897,2401
1606,2401
1925,2402
1667,2402
1925,2403
1667,2403
1578,2404
1523,2404
1578,2405
1523,2405
1801,2406
1775,2406
1801,2407
1775,2407
1765,2408
1740,2408
1765,2409
1740,2409
1734,2410
1630,2410
1734,2411
1630,2411
1975,2412
1692,2412
1975,2413
1692,2413
1833,2414
1505,2414
1833,2415
1505,2415
1568,2416
1644,2416
1568,2417
1644,2417
1910,2418
1963,2418
1910,2419
1963,2419
1631,2420
1911,2420
1631,2421
1911,2421
1888,2422
1980,2422
1888,2423
1980,2423
1830,2424
1814,2424
1830,2425
1814,2425
1915,2426
1650,2426
1915,2427
1650,2427
1504,2428
1795,2428
1504,2429
1795,2429
1926,2430
1507,2430
1926,2431
1507,2431
1879,2432
1514,2432
1879,2433
1514,2433
1663,2434
1778,2434
1663,2435
1778,2435
1933,2436
1661,2436
1933,2437
1661,2437
1572,2438
1584,2438
1572,2439
1584,2439
1917,2440
1965,2440
1917,2441
1965,2441
1624,2442
1656,2442
1624,2443
1656,2443
1707,2444
1691,2444
1707,2445
1691,2445
1559,2446
1599,2446
1559,2447
1599,2447
1577,2448
1834,2448
1577,2449
1834,2449
1777,2450
1574,2450
1777,2451
1574,2451
1541,2452
1909,2452
1541,2453
1909,2453
1923,2454
1803,2454
1923,2455
1803,2455
1761,2456
1539,2456
1761,2457
1539,2457
1815,2458
1799,2458
1815,2459
1799,2459
1955,2460
1529,2460
1955,2461
1529,2461
1561,2462
1655,2462
1561,2463
1655,2463
1826,2464
1638,2464
1826,2465
1638,2465
1742,2466
1538,2466
1742,2467
1538,2467
1717,2468
1671,2468
1717,2469
1671,2469
1837,2470
1554,2470
1837,2471
1554,2471
1990,2472
1895,2472
1990,2473
1895,2473
1575,2474
1914,2474
1575,2475
1914,2475
1776,2476
1642,2476
1776,2477
1642,2477
1927,2478
1821,2478
1927,2479
1821,2479
1756,2480
1545,2480
1756,2481
1545,2481
1935,2482
1891,2482
1935,2483
1891,2483
1643,2484
1993,2484
1643,2485
1993,2485
1884,2486
1586,2486
1884,2487
1586,2487
1974,2488
1763,2488
1974,2489
1763,2489
1627,2490
1654,2490
1627,2491
1654,2491
1589,2492
1715,2492
1589,2493
1715,2493
1712,2494
1596,2494
1712,2495
1596,2495
1991,2496
1785,2496
1991,2497
1785,2497
1605,2498
1534,2498
1605,2499
1534,2499
